{"nm":"Astronaut2_Main","ddd":0,"h":495,"w":447,"meta":{"g":"@lottiefiles/toolkit-js 0.33.2"},"layers":[{"ty":4,"nm":"Layer 3 Outlines","sr":1,"st":0,"op":722,"ip":0,"hd":false,"ddd":0,"bm":0,"hasMask":false,"ao":0,"ks":{"a":{"a":0,"k":[40.575,-0.68,0],"ix":1},"s":{"a":0,"k":[100,100,100],"ix":6},"sk":{"a":0,"k":0},"p":{"a":0,"k":[21.746,34.643,0],"ix":2},"r":{"a":1,"k":[{"o":{"x":0.479,"y":0},"i":{"x":0.437,"y":1},"s":[0],"t":-44},{"o":{"x":0.479,"y":0},"i":{"x":0.437,"y":1},"s":[19],"t":4},{"o":{"x":0.479,"y":0},"i":{"x":0.437,"y":1},"s":[0],"t":52},{"o":{"x":0.479,"y":0},"i":{"x":0.437,"y":1},"s":[19],"t":100},{"s":[0],"t":148}],"ix":10},"sa":{"a":0,"k":0},"o":{"a":0,"k":100,"ix":11}},"ef":[],"shapes":[{"ty":"gr","bm":0,"hd":false,"mn":"ADBE Vector Group","nm":"Group 1","ix":1,"cix":2,"np":3,"it":[{"ty":"sh","bm":0,"hd":false,"mn":"ADBE Vector Shape - Group","nm":"Path 1","ix":1,"d":1,"ks":{"a":1,"k":[{"o":{"x":0.333,"y":0},"i":{"x":0.667,"y":1},"s":[{"c":false,"i":[[0,0],[-14.019,-6.241]],"o":[[0,0],[0,0]],"v":[[-11.251,0.04],[11.251,3.12]]}],"t":0},{"o":{"x":0.333,"y":0},"i":{"x":0.667,"y":1},"s":[{"c":false,"i":[[0,0],[-8.67,-9.9]],"o":[[0,0],[0,0]],"v":[[-30.817,-32.174],[-10.983,-21.126]]}],"t":48},{"s":[{"c":false,"i":[[0,0],[-14.019,-6.241]],"o":[[0,0],[0,0]],"v":[[-11.251,0.04],[11.251,3.12]]}],"t":96}],"ix":2}},{"ty":"st","bm":0,"hd":false,"mn":"ADBE Vector Graphic - Stroke","nm":"Stroke 1","lc":2,"lj":2,"ml":1,"o":{"a":0,"k":100,"ix":4},"w":{"a":0,"k":3,"ix":5},"c":{"a":0,"k":[1,1,1],"ix":3}},{"ty":"fl","bm":0,"hd":false,"mn":"ADBE Vector Graphic - Fill","nm":"Fill 1","c":{"a":0,"k":[0,0,0],"ix":4},"r":1,"o":{"a":0,"k":100,"ix":5}},{"ty":"tr","a":{"a":0,"k":[0,0],"ix":1},"s":{"a":0,"k":[100,100],"ix":3},"sk":{"a":0,"k":0,"ix":4},"p":{"a":0,"k":[41.902,73.229],"ix":2},"r":{"a":0,"k":0,"ix":6},"sa":{"a":0,"k":0,"ix":5},"o":{"a":0,"k":100,"ix":7}}]},{"ty":"gr","bm":0,"hd":false,"mn":"ADBE Vector Group","nm":"Group 2","ix":2,"cix":2,"np":3,"it":[{"ty":"sh","bm":0,"hd":false,"mn":"ADBE Vector Shape - Group","nm":"Path 1","ix":1,"d":1,"ks":{"a":1,"k":[{"o":{"x":0.333,"y":0},"i":{"x":0.667,"y":1},"s":[{"c":false,"i":[[0,0],[-2.825,-4.75]],"o":[[0,0],[0,0]],"v":[[-5.5,-6.04],[5.5,6.04]]}],"t":0},{"o":{"x":0.333,"y":0},"i":{"x":0.667,"y":1},"s":[{"c":false,"i":[[0,0],[-1.436,-5.337]],"o":[[0,0],[0,0]],"v":[[-52.758,-23.541],[-49.682,-16.188]]}],"t":48},{"s":[{"c":false,"i":[[0,0],[-2.825,-4.75]],"o":[[0,0],[0,0]],"v":[[-5.5,-6.04],[5.5,6.04]]}],"t":96}],"ix":2}},{"ty":"st","bm":0,"hd":false,"mn":"ADBE Vector Graphic - Stroke","nm":"Stroke 1","lc":2,"lj":2,"ml":1,"o":{"a":0,"k":100,"ix":4},"w":{"a":0,"k":3,"ix":5},"c":{"a":0,"k":[1,1,1],"ix":3}},{"ty":"fl","bm":0,"hd":false,"mn":"ADBE Vector Graphic - Fill","nm":"Fill 1","c":{"a":0,"k":[0,0,0],"ix":4},"r":1,"o":{"a":0,"k":100,"ix":5}},{"ty":"tr","a":{"a":0,"k":[0,0],"ix":1},"s":{"a":0,"k":[100,100],"ix":3},"sk":{"a":0,"k":0,"ix":4},"p":{"a":0,"k":[102.65,119.89],"ix":2},"r":{"a":0,"k":0,"ix":6},"sa":{"a":0,"k":0,"ix":5},"o":{"a":0,"k":100,"ix":7}}]},{"ty":"gr","bm":0,"hd":false,"mn":"ADBE Vector Group","nm":"Group 3","ix":3,"cix":2,"np":3,"it":[{"ty":"sh","bm":0,"hd":false,"mn":"ADBE Vector Shape - Group","nm":"Path 1","ix":1,"d":1,"ks":{"a":1,"k":[{"o":{"x":0.333,"y":0},"i":{"x":0.667,"y":1},"s":[{"c":false,"i":[[0,0],[0.75,-27.75]],"o":[[0,0],[0,0]],"v":[[10.503,-17.625],[-10.503,17.625]]}],"t":0},{"o":{"x":0.333,"y":0},"i":{"x":0.667,"y":1},"s":[{"c":false,"i":[[0,0],[5.713,-24.922]],"o":[[0,0],[0,0]],"v":[[-28.367,-37.862],[-61.367,-17.85]]}],"t":48},{"s":[{"c":false,"i":[[0,0],[0.75,-27.75]],"o":[[0,0],[0,0]],"v":[[10.503,-17.625],[-10.503,17.625]]}],"t":96}],"ix":2}},{"ty":"st","bm":0,"hd":false,"mn":"ADBE Vector Graphic - Stroke","nm":"Stroke 1","lc":2,"lj":2,"ml":1,"o":{"a":0,"k":100,"ix":4},"w":{"a":0,"k":3,"ix":5},"c":{"a":0,"k":[1,1,1],"ix":3}},{"ty":"fl","bm":0,"hd":false,"mn":"ADBE Vector Graphic - Fill","nm":"Fill 1","c":{"a":0,"k":[0,0,0],"ix":4},"r":1,"o":{"a":0,"k":100,"ix":5}},{"ty":"tr","a":{"a":0,"k":[0,0],"ix":1},"s":{"a":0,"k":[100,100],"ix":3},"sk":{"a":0,"k":0,"ix":4},"p":{"a":0,"k":[78.402,118.225],"ix":2},"r":{"a":0,"k":0,"ix":6},"sa":{"a":0,"k":0,"ix":5},"o":{"a":0,"k":100,"ix":7}}]},{"ty":"gr","bm":0,"hd":false,"mn":"ADBE Vector Group","nm":"Group 4","ix":4,"cix":2,"np":3,"it":[{"ty":"sh","bm":0,"hd":false,"mn":"ADBE Vector Shape - Group","nm":"Path 1","ix":1,"d":1,"ks":{"a":1,"k":[{"o":{"x":0.333,"y":0},"i":{"x":0.667,"y":1},"s":[{"c":true,"i":[[-2.91,-6.32],[-1.6,16.65],[0,0]],"o":[[-6.58,-4.2],[7.96,-7.04],[-15.78,18.929]],"v":[[-0.415,18.825],[-9.395,-10.785],[10.995,-18.825]]}],"t":0},{"o":{"x":0.333,"y":0},"i":{"x":0.667,"y":1},"s":[{"c":true,"i":[[-1.094,-6.871],[-2.634,7.781],[0,0]],"o":[[-3.027,-8.342],[9.566,-4.627],[-11.938,5.636]],"v":[[-26.095,-25.488],[-25.863,-46.923],[-9.059,-50.278]]}],"t":48},{"s":[{"c":true,"i":[[-2.91,-6.32],[-1.6,16.65],[0,0]],"o":[[-6.58,-4.2],[7.96,-7.04],[-15.78,18.929]],"v":[[-0.415,18.825],[-9.395,-10.785],[10.995,-18.825]]}],"t":96}],"ix":2}},{"ty":"st","bm":0,"hd":false,"mn":"ADBE Vector Graphic - Stroke","nm":"Stroke 1","lc":2,"lj":2,"ml":1,"o":{"a":0,"k":100,"ix":4},"w":{"a":0,"k":3,"ix":5},"c":{"a":0,"k":[1,1,1],"ix":3}},{"ty":"fl","bm":0,"hd":false,"mn":"ADBE Vector Graphic - Fill","nm":"Fill 1","c":{"a":0,"k":[1,1,1],"ix":4},"r":1,"o":{"a":0,"k":100,"ix":5}},{"ty":"tr","a":{"a":0,"k":[0,0],"ix":1},"s":{"a":0,"k":[100,100],"ix":3},"sk":{"a":0,"k":0,"ix":4},"p":{"a":0,"k":[15.995,92.095],"ix":2},"r":{"a":0,"k":0,"ix":6},"sa":{"a":0,"k":0,"ix":5},"o":{"a":0,"k":100,"ix":7}}]},{"ty":"gr","bm":0,"hd":false,"mn":"ADBE Vector Group","nm":"Group 5","ix":5,"cix":2,"np":3,"it":[{"ty":"sh","bm":0,"hd":false,"mn":"ADBE Vector Shape - Group","nm":"Path 1","ix":1,"d":1,"ks":{"a":1,"k":[{"o":{"x":0.333,"y":0},"i":{"x":0.667,"y":1},"s":[{"c":true,"i":[[-3.671,-23.707],[10.32,-3.461],[-12.17,-0.03]],"o":[[-19.62,-8.6],[4.61,-9.621],[0,0]],"v":[[22.593,11.854],[-22.593,6.417],[1.547,-9.764]]}],"t":0},{"o":{"x":0.333,"y":0},"i":{"x":0.667,"y":1},"s":[{"c":true,"i":[[2.307,-16.981],[10.871,-0.543],[-11.709,-3.318]],"o":[[-16.566,-13.583],[7.039,-8.017],[0,0]],"v":[[15.498,-5.543],[-18.506,-20.777],[5.87,-29.264]]}],"t":48},{"s":[{"c":true,"i":[[-3.671,-23.707],[10.32,-3.461],[-12.17,-0.03]],"o":[[-19.62,-8.6],[4.61,-9.621],[0,0]],"v":[[22.593,11.854],[-22.593,6.417],[1.547,-9.764]]}],"t":96}],"ix":2}},{"ty":"st","bm":0,"hd":false,"mn":"ADBE Vector Graphic - Stroke","nm":"Stroke 1","lc":2,"lj":2,"ml":1,"o":{"a":0,"k":100,"ix":4},"w":{"a":0,"k":3,"ix":5},"c":{"a":0,"k":[1,1,1],"ix":3}},{"ty":"fl","bm":0,"hd":false,"mn":"ADBE Vector Graphic - Fill","nm":"Fill 1","c":{"a":0,"k":[1,1,1],"ix":4},"r":1,"o":{"a":0,"k":100,"ix":5}},{"ty":"tr","a":{"a":0,"k":[0,0],"ix":1},"s":{"a":0,"k":[100,100],"ix":3},"sk":{"a":0,"k":0,"ix":4},"p":{"a":0,"k":[39.103,17.364],"ix":2},"r":{"a":0,"k":0,"ix":6},"sa":{"a":0,"k":0,"ix":5},"o":{"a":0,"k":100,"ix":7}}]},{"ty":"gr","bm":0,"hd":false,"mn":"ADBE Vector Group","nm":"Group 7","ix":6,"cix":2,"np":4,"it":[{"ty":"sh","bm":0,"hd":false,"mn":"ADBE Vector Shape - Group","nm":"Path 1","ix":1,"d":1,"ks":{"a":1,"k":[{"o":{"x":0.333,"y":0},"i":{"x":0.667,"y":1},"s":[{"c":true,"i":[[18,3],[22,-5.75],[19.37,11.46],[7.4,4.34],[-1.6,16.65],[-7.53,15.67],[-12.17,-0.03],[-4.51,-22.87],[5.48,-23.62],[-9.66,-7.67]],"o":[[0,0],[-11.93,3.12],[-16.35,-9.68],[-0.19,-0.111],[0.06,-0.67],[4.61,-9.62],[0,0],[2.06,10.41],[0,0],[9.67,7.66]],"v":[[42.575,46.61],[35.245,71.2],[-19.925,49.45],[-49.425,31.95],[-58.975,1.99],[-49.065,-55.54],[-24.925,-71.72],[-4.125,-51.45],[-7.925,-1.72],[34.905,22.95]]}],"t":0},{"o":{"x":0.333,"y":0},"i":{"x":0.667,"y":1},"s":[{"c":true,"i":[[10.298,5.721],[16.483,-2.443],[6.864,8.35],[6.769,9.605],[-6.04,15.598],[-11.471,13.064],[-11.709,-3.318],[1.377,-18.606],[11.66,-21.26],[-6.421,-10.532]],"o":[[-2.374,-1.319],[-12.198,1.808],[-9.529,-11.592],[-5.433,-7.71],[0.239,-0.629],[7.038,-8.016],[0,0],[-0.783,10.583],[0,0],[6.77,11.103]],"v":[[-12.857,26.132],[-22.56,47.076],[-52.548,23.224],[-69.721,0.903],[-76.068,-32.023],[-44.978,-82.734],[-20.602,-91.219],[-10.597,-68.363],[-29.165,-23.048],[-8.847,6.53]]}],"t":48},{"s":[{"c":true,"i":[[18,3],[22,-5.75],[19.37,11.46],[7.4,4.34],[-1.6,16.65],[-7.53,15.67],[-12.17,-0.03],[-4.51,-22.87],[5.48,-23.62],[-9.66,-7.67]],"o":[[0,0],[-11.93,3.12],[-16.35,-9.68],[-0.19,-0.111],[0.06,-0.67],[4.61,-9.62],[0,0],[2.06,10.41],[0,0],[9.67,7.66]],"v":[[42.575,46.61],[35.245,71.2],[-19.925,49.45],[-49.425,31.95],[-58.975,1.99],[-49.065,-55.54],[-24.925,-71.72],[-4.125,-51.45],[-7.925,-1.72],[34.905,22.95]]}],"t":96}],"ix":2}},{"ty":"tm","bm":0,"hd":false,"mn":"ADBE Vector Filter - Trim","nm":"Trim Paths 1","ix":2,"e":{"a":0,"k":95,"ix":2},"o":{"a":0,"k":-96,"ix":3},"s":{"a":0,"k":0,"ix":1},"m":1},{"ty":"st","bm":0,"hd":false,"mn":"ADBE Vector Graphic - Stroke","nm":"Stroke 1","lc":2,"lj":2,"ml":1,"o":{"a":0,"k":100,"ix":4},"w":{"a":0,"k":3,"ix":5},"c":{"a":0,"k":[1,1,1],"ix":3}},{"ty":"tr","a":{"a":0,"k":[0,0],"ix":1},"s":{"a":0,"k":[100,100],"ix":3},"sk":{"a":0,"k":0,"ix":4},"p":{"a":0,"k":[65.575,79.32],"ix":2},"r":{"a":0,"k":0,"ix":6},"sa":{"a":0,"k":0,"ix":5},"o":{"a":0,"k":100,"ix":7}}]},{"ty":"gr","bm":0,"hd":false,"mn":"ADBE Vector Group","nm":"Group 6","ix":7,"cix":2,"np":3,"it":[{"ty":"sh","bm":0,"hd":false,"mn":"ADBE Vector Shape - Group","nm":"Path 1","ix":1,"d":1,"ks":{"a":1,"k":[{"o":{"x":0.333,"y":0},"i":{"x":0.667,"y":1},"s":[{"c":true,"i":[[18,3],[22,-5.75],[19.37,11.46],[7.4,4.34],[-1.6,16.65],[-7.53,15.67],[-12.17,-0.03],[-4.51,-22.87],[5.48,-23.62],[-9.66,-7.67]],"o":[[0,0],[-11.93,3.12],[-16.35,-9.68],[-0.19,-0.111],[0.06,-0.67],[4.61,-9.62],[0,0],[2.06,10.41],[0,0],[9.67,7.66]],"v":[[42.575,46.61],[35.245,71.2],[-19.925,49.45],[-49.425,31.95],[-58.975,1.99],[-49.065,-55.54],[-24.925,-71.72],[-4.125,-51.45],[-7.925,-1.72],[34.905,22.95]]}],"t":0},{"o":{"x":0.333,"y":0},"i":{"x":0.667,"y":1},"s":[{"c":true,"i":[[10.298,5.721],[16.483,-2.443],[6.864,8.35],[6.769,9.605],[-6.04,15.598],[-11.471,13.064],[-11.709,-3.318],[1.377,-18.606],[11.66,-21.26],[-6.421,-10.532]],"o":[[-2.374,-1.319],[-12.198,1.808],[-9.529,-11.592],[-5.433,-7.71],[0.239,-0.629],[7.038,-8.016],[0,0],[-0.783,10.583],[0,0],[6.77,11.103]],"v":[[-12.857,26.132],[-22.56,47.076],[-52.548,23.224],[-69.721,0.903],[-76.068,-32.023],[-44.978,-82.734],[-20.602,-91.219],[-10.597,-68.363],[-29.165,-23.048],[-8.847,6.53]]}],"t":48},{"s":[{"c":true,"i":[[18,3],[22,-5.75],[19.37,11.46],[7.4,4.34],[-1.6,16.65],[-7.53,15.67],[-12.17,-0.03],[-4.51,-22.87],[5.48,-23.62],[-9.66,-7.67]],"o":[[0,0],[-11.93,3.12],[-16.35,-9.68],[-0.19,-0.111],[0.06,-0.67],[4.61,-9.62],[0,0],[2.06,10.41],[0,0],[9.67,7.66]],"v":[[42.575,46.61],[35.245,71.2],[-19.925,49.45],[-49.425,31.95],[-58.975,1.99],[-49.065,-55.54],[-24.925,-71.72],[-4.125,-51.45],[-7.925,-1.72],[34.905,22.95]]}],"t":96}],"ix":2}},{"ty":"fl","bm":0,"hd":false,"mn":"ADBE Vector Graphic - Fill","nm":"Fill 1","c":{"a":0,"k":[0,0,0],"ix":4},"r":1,"o":{"a":0,"k":100,"ix":5}},{"ty":"tr","a":{"a":0,"k":[0,0],"ix":1},"s":{"a":0,"k":[100,100],"ix":3},"sk":{"a":0,"k":0,"ix":4},"p":{"a":0,"k":[65.575,79.32],"ix":2},"r":{"a":0,"k":0,"ix":6},"sa":{"a":0,"k":0,"ix":5},"o":{"a":0,"k":100,"ix":7}}]}],"ind":1,"parent":3},{"ty":4,"nm":"Layer 4 Outlines","sr":1,"st":-9,"op":713,"ip":-9,"hd":false,"ddd":0,"bm":0,"hasMask":false,"ao":0,"ks":{"a":{"a":0,"k":[66.063,64,0],"ix":1},"s":{"a":0,"k":[100,100,100],"ix":6},"sk":{"a":0,"k":0},"p":{"a":0,"k":[88.634,-4.577,0],"ix":2},"r":{"a":0,"k":0,"ix":10},"sa":{"a":0,"k":0},"o":{"a":0,"k":100,"ix":11}},"ef":[],"shapes":[{"ty":"gr","bm":0,"hd":false,"mn":"ADBE Vector Group","nm":"Shape 2","ix":1,"cix":2,"np":3,"it":[{"ty":"sh","bm":0,"hd":false,"mn":"ADBE Vector Shape - Group","nm":"Path 1","ix":1,"d":1,"ks":{"a":1,"k":[{"o":{"x":0.333,"y":0},"i":{"x":0.667,"y":1},"s":[{"c":true,"i":[[0,0],[0,0],[12.75,-35.5],[-0.125,0.875]],"o":[[0,0],[0,0],[0.75,0.375],[10.375,-25.875]],"v":[[103.598,50.268],[97.223,54.268],[89.223,114.143],[97.098,108.518]]}],"t":-9},{"o":{"x":0.333,"y":0},"i":{"x":0.667,"y":1},"s":[{"c":true,"i":[[0,0],[0,0],[12.75,-35.5],[-0.125,0.875]],"o":[[0,0],[0,0],[0.75,0.375],[10.375,-25.875]],"v":[[68.598,59.518],[62.973,60.768],[50.723,111.143],[57.848,111.518]]}],"t":39},{"o":{"x":0.333,"y":0},"i":{"x":0.667,"y":1},"s":[{"c":true,"i":[[0,0],[0,0],[12.75,-35.5],[-0.125,0.875]],"o":[[0,0],[0,0],[0.75,0.375],[10.375,-25.875]],"v":[[103.598,50.268],[97.223,54.268],[89.223,114.143],[97.098,108.518]]}],"t":87},{"o":{"x":0.333,"y":0},"i":{"x":0.667,"y":1},"s":[{"c":true,"i":[[0,0],[0,0],[12.75,-35.5],[-0.125,0.875]],"o":[[0,0],[0,0],[0.75,0.375],[10.375,-25.875]],"v":[[68.598,59.518],[62.973,60.768],[50.723,111.143],[57.848,111.518]]}],"t":135},{"s":[{"c":true,"i":[[0,0],[0,0],[12.75,-35.5],[-0.125,0.875]],"o":[[0,0],[0,0],[0.75,0.375],[10.375,-25.875]],"v":[[103.598,50.268],[97.223,54.268],[89.223,114.143],[97.098,108.518]]}],"t":183}],"ix":2}},{"ty":"st","bm":0,"hd":false,"mn":"ADBE Vector Graphic - Stroke","nm":"Stroke 1","lc":1,"lj":1,"ml":4,"o":{"a":0,"k":100,"ix":4},"w":{"a":0,"k":0,"ix":5},"c":{"a":0,"k":[1,1,1],"ix":3}},{"ty":"fl","bm":0,"hd":false,"mn":"ADBE Vector Graphic - Fill","nm":"Fill 1","c":{"a":0,"k":[0.3412,0.3412,0.3412],"ix":4},"r":1,"o":{"a":0,"k":100,"ix":5}},{"ty":"tr","a":{"a":0,"k":[0,0],"ix":1},"s":{"a":0,"k":[100,100],"ix":3},"sk":{"a":0,"k":0,"ix":4},"p":{"a":0,"k":[0,0],"ix":2},"r":{"a":0,"k":0,"ix":6},"sa":{"a":0,"k":0,"ix":5},"o":{"a":0,"k":100,"ix":7}}]},{"ty":"gr","bm":0,"hd":false,"mn":"ADBE Vector Group","nm":"Shape 1","ix":2,"cix":2,"np":3,"it":[{"ty":"sh","bm":0,"hd":false,"mn":"ADBE Vector Shape - Group","nm":"Path 1","ix":1,"d":1,"ks":{"a":1,"k":[{"o":{"x":0.333,"y":0},"i":{"x":0.667,"y":1},"s":[{"c":true,"i":[[0,0],[0,0],[17,-37.5],[-0.125,0.875]],"o":[[0,0],[0,0],[0.75,0.375],[13.25,-36.875]],"v":[[92.598,56.518],[79.973,63.018],[69.223,120.143],[84.348,116.393]]}],"t":-9},{"o":{"x":0.333,"y":0},"i":{"x":0.667,"y":1},"s":[{"c":true,"i":[[0,0],[0,0],[17,-37.5],[-0.125,0.875]],"o":[[0,0],[0,0],[0.75,0.375],[11.25,-26.157]],"v":[[58.848,60.768],[48.723,63.018],[31.723,104.393],[46.598,110.393]]}],"t":39},{"o":{"x":0.333,"y":0},"i":{"x":0.667,"y":1},"s":[{"c":true,"i":[[0,0],[0,0],[17,-37.5],[-0.125,0.875]],"o":[[0,0],[0,0],[0.75,0.375],[13.25,-36.875]],"v":[[92.598,56.518],[79.973,63.018],[69.223,120.143],[84.348,116.393]]}],"t":87},{"o":{"x":0.333,"y":0},"i":{"x":0.667,"y":1},"s":[{"c":true,"i":[[0,0],[0,0],[17,-37.5],[-0.125,0.875]],"o":[[0,0],[0,0],[0.75,0.375],[11.25,-26.157]],"v":[[58.848,60.768],[48.723,63.018],[31.723,104.393],[46.598,110.393]]}],"t":135},{"s":[{"c":true,"i":[[0,0],[0,0],[17,-37.5],[-0.125,0.875]],"o":[[0,0],[0,0],[0.75,0.375],[13.25,-36.875]],"v":[[92.598,56.518],[79.973,63.018],[69.223,120.143],[84.348,116.393]]}],"t":183}],"ix":2}},{"ty":"st","bm":0,"hd":false,"mn":"ADBE Vector Graphic - Stroke","nm":"Stroke 1","lc":1,"lj":1,"ml":4,"o":{"a":0,"k":100,"ix":4},"w":{"a":0,"k":0,"ix":5},"c":{"a":0,"k":[1,1,1],"ix":3}},{"ty":"fl","bm":0,"hd":false,"mn":"ADBE Vector Graphic - Fill","nm":"Fill 1","c":{"a":0,"k":[0.3412,0.3412,0.3412],"ix":4},"r":1,"o":{"a":0,"k":100,"ix":5}},{"ty":"tr","a":{"a":0,"k":[0,0],"ix":1},"s":{"a":0,"k":[100,100],"ix":3},"sk":{"a":0,"k":0,"ix":4},"p":{"a":0,"k":[0,0],"ix":2},"r":{"a":0,"k":0,"ix":6},"sa":{"a":0,"k":0,"ix":5},"o":{"a":0,"k":100,"ix":7}}]},{"ty":"gr","bm":0,"hd":false,"mn":"ADBE Vector Group","nm":"Group 5","ix":3,"cix":2,"np":4,"it":[{"ty":"sh","bm":0,"hd":false,"mn":"ADBE Vector Shape - Group","nm":"Path 1","ix":1,"d":1,"ks":{"a":1,"k":[{"o":{"x":0.333,"y":0},"i":{"x":0.667,"y":1},"s":[{"c":true,"i":[[0,0],[-9.25,-12.25],[-5.09,3.898],[8.5,10]],"o":[[0,0],[8.682,11.498],[0,0],[-8.5,-10]],"v":[[-6.25,-14.209],[-9.25,7.376],[14.161,9.523],[10,-8.874]]}],"t":-9},{"o":{"x":0.333,"y":0},"i":{"x":0.667,"y":1},"s":[{"c":true,"i":[[0,0],[-2.832,-11.454],[-6.171,1.74],[4.2,12.434]],"o":[[0,0],[2.669,10.795],[0,0],[-4.2,-12.434]],"v":[[-16.054,-31.263],[-23.572,-13.567],[-5.864,-1.666],[-3.428,-20.298]]}],"t":39},{"o":{"x":0.333,"y":0},"i":{"x":0.667,"y":1},"s":[{"c":true,"i":[[0,0],[-9.25,-12.25],[-5.09,3.898],[8.5,10]],"o":[[0,0],[8.682,11.498],[0,0],[-8.5,-10]],"v":[[-6.25,-14.209],[-9.25,7.376],[14.161,9.523],[10,-8.874]]}],"t":87},{"o":{"x":0.333,"y":0},"i":{"x":0.667,"y":1},"s":[{"c":true,"i":[[0,0],[-2.832,-11.454],[-6.171,1.74],[4.2,12.434]],"o":[[0,0],[2.669,10.795],[0,0],[-4.2,-12.434]],"v":[[-16.054,-31.263],[-23.572,-13.567],[-5.864,-1.666],[-3.428,-20.298]]}],"t":135},{"s":[{"c":true,"i":[[0,0],[-9.25,-12.25],[-5.09,3.898],[8.5,10]],"o":[[0,0],[8.682,11.498],[0,0],[-8.5,-10]],"v":[[-6.25,-14.209],[-9.25,7.376],[14.161,9.523],[10,-8.874]]}],"t":183}],"ix":2}},{"ty":"tm","bm":0,"hd":false,"mn":"ADBE Vector Filter - Trim","nm":"Trim Paths 1","ix":2,"e":{"a":0,"k":85,"ix":2},"o":{"a":0,"k":11,"ix":3},"s":{"a":0,"k":0,"ix":1},"m":1},{"ty":"st","bm":0,"hd":false,"mn":"ADBE Vector Graphic - Stroke","nm":"Stroke 1","lc":2,"lj":2,"ml":1,"o":{"a":0,"k":100,"ix":4},"w":{"a":0,"k":3,"ix":5},"c":{"a":0,"k":[1,1,1],"ix":3}},{"ty":"tr","a":{"a":0,"k":[0,0],"ix":1},"s":{"a":0,"k":[100,100],"ix":3},"sk":{"a":0,"k":0,"ix":4},"p":{"a":0,"k":[23.5,95.124],"ix":2},"r":{"a":0,"k":0,"ix":6},"sa":{"a":0,"k":0,"ix":5},"o":{"a":0,"k":100,"ix":7}}]},{"ty":"gr","bm":0,"hd":false,"mn":"ADBE Vector Group","nm":"Group 1","ix":4,"cix":2,"np":3,"it":[{"ty":"sh","bm":0,"hd":false,"mn":"ADBE Vector Shape - Group","nm":"Path 1","ix":1,"d":1,"ks":{"a":1,"k":[{"o":{"x":0.333,"y":0},"i":{"x":0.667,"y":1},"s":[{"c":true,"i":[[0,0],[-9.25,-12.25],[-5.09,3.898],[8.5,10]],"o":[[0,0],[8.682,11.498],[0,0],[-8.5,-10]],"v":[[-6.25,-14.209],[-9.25,7.376],[14.161,9.523],[10,-8.874]]}],"t":-9},{"o":{"x":0.333,"y":0},"i":{"x":0.667,"y":1},"s":[{"c":true,"i":[[0,0],[-2.832,-11.454],[-6.171,1.74],[4.2,12.434]],"o":[[0,0],[2.669,10.795],[0,0],[-4.2,-12.434]],"v":[[-16.054,-31.263],[-23.572,-13.567],[-5.864,-1.666],[-3.428,-20.298]]}],"t":39},{"o":{"x":0.333,"y":0},"i":{"x":0.667,"y":1},"s":[{"c":true,"i":[[0,0],[-9.25,-12.25],[-5.09,3.898],[8.5,10]],"o":[[0,0],[8.682,11.498],[0,0],[-8.5,-10]],"v":[[-6.25,-14.209],[-9.25,7.376],[14.161,9.523],[10,-8.874]]}],"t":87},{"o":{"x":0.333,"y":0},"i":{"x":0.667,"y":1},"s":[{"c":true,"i":[[0,0],[-2.832,-11.454],[-6.171,1.74],[4.2,12.434]],"o":[[0,0],[2.669,10.795],[0,0],[-4.2,-12.434]],"v":[[-16.054,-31.263],[-23.572,-13.567],[-5.864,-1.666],[-3.428,-20.298]]}],"t":135},{"s":[{"c":true,"i":[[0,0],[-9.25,-12.25],[-5.09,3.898],[8.5,10]],"o":[[0,0],[8.682,11.498],[0,0],[-8.5,-10]],"v":[[-6.25,-14.209],[-9.25,7.376],[14.161,9.523],[10,-8.874]]}],"t":183}],"ix":2}},{"ty":"fl","bm":0,"hd":false,"mn":"ADBE Vector Graphic - Fill","nm":"Fill 1","c":{"a":0,"k":[0,0,0],"ix":4},"r":1,"o":{"a":0,"k":100,"ix":5}},{"ty":"tr","a":{"a":0,"k":[0,0],"ix":1},"s":{"a":0,"k":[100,100],"ix":3},"sk":{"a":0,"k":0,"ix":4},"p":{"a":0,"k":[23.5,95.124],"ix":2},"r":{"a":0,"k":0,"ix":6},"sa":{"a":0,"k":0,"ix":5},"o":{"a":0,"k":100,"ix":7}}]},{"ty":"gr","bm":0,"hd":false,"mn":"ADBE Vector Group","nm":"Group 2","ix":5,"cix":2,"np":3,"it":[{"ty":"sh","bm":0,"hd":false,"mn":"ADBE Vector Shape - Group","nm":"Path 1","ix":1,"d":1,"ks":{"a":1,"k":[{"o":{"x":0.333,"y":0},"i":{"x":0.667,"y":1},"s":[{"c":true,"i":[[0,-8.69],[26.83,-4.64],[6.68,9.23],[-26.93,12.8],[-6.63,5.11]],"o":[[0,29.26],[-13.45,0.23],[-17.75,-24.5],[10.33,-4.91],[3.24,7.43]],"v":[[48.375,-17.025],[1.095,41.175],[-30.625,28.475],[17.125,-25.025],[43.325,-41.405]]}],"t":-9},{"o":{"x":0.333,"y":0},"i":{"x":0.667,"y":1},"s":[{"c":true,"i":[[2.802,-8.226],[28.961,4.498],[3.353,10.889],[-28.306,6.745],[-14.388,1.304]],"o":[[-9.433,27.698],[-11.679,-1.814],[-8.903,-28.914],[12.485,-2.975],[0.672,8.078]],"v":[[38.781,-6.27],[-21.738,31.829],[-50.67,11.331],[5.279,-25.418],[40.361,-31.976]]}],"t":39},{"o":{"x":0.333,"y":0},"i":{"x":0.667,"y":1},"s":[{"c":true,"i":[[0,-8.69],[26.83,-4.64],[6.68,9.23],[-26.93,12.8],[-6.63,5.11]],"o":[[0,29.26],[-13.45,0.23],[-17.75,-24.5],[10.33,-4.91],[3.24,7.43]],"v":[[48.375,-17.025],[1.095,41.175],[-30.625,28.475],[17.125,-25.025],[43.325,-41.405]]}],"t":87},{"o":{"x":0.333,"y":0},"i":{"x":0.667,"y":1},"s":[{"c":true,"i":[[2.802,-8.226],[28.961,4.498],[3.353,10.889],[-28.306,6.745],[-14.388,1.304]],"o":[[-9.433,27.698],[-11.679,-1.814],[-8.903,-28.914],[12.485,-2.975],[0.672,8.078]],"v":[[38.781,-6.27],[-21.738,31.829],[-50.67,11.331],[5.279,-25.418],[40.361,-31.976]]}],"t":135},{"s":[{"c":true,"i":[[0,-8.69],[26.83,-4.64],[6.68,9.23],[-26.93,12.8],[-6.63,5.11]],"o":[[0,29.26],[-13.45,0.23],[-17.75,-24.5],[10.33,-4.91],[3.24,7.43]],"v":[[48.375,-17.025],[1.095,41.175],[-30.625,28.475],[17.125,-25.025],[43.325,-41.405]]}],"t":183}],"ix":2}},{"ty":"st","bm":0,"hd":false,"mn":"ADBE Vector Graphic - Stroke","nm":"Stroke 1","lc":2,"lj":2,"ml":1,"o":{"a":0,"k":100,"ix":4},"w":{"a":0,"k":3,"ix":5},"c":{"a":0,"k":[1,1,1],"ix":3}},{"ty":"fl","bm":0,"hd":false,"mn":"ADBE Vector Graphic - Fill","nm":"Fill 1","c":{"a":0,"k":[0,0,0],"ix":4},"r":1,"o":{"a":0,"k":100,"ix":5}},{"ty":"tr","a":{"a":0,"k":[0,0],"ix":1},"s":{"a":0,"k":[100,100],"ix":3},"sk":{"a":0,"k":0,"ix":4},"p":{"a":0,"k":[71.125,81.025],"ix":2},"r":{"a":0,"k":0,"ix":6},"sa":{"a":0,"k":0,"ix":5},"o":{"a":0,"k":100,"ix":7}}]},{"ty":"gr","bm":0,"hd":false,"mn":"ADBE Vector Group","nm":"Group 3","ix":6,"cix":2,"np":3,"it":[{"ty":"sh","bm":0,"hd":false,"mn":"ADBE Vector Shape - Group","nm":"Path 1","ix":1,"d":1,"ks":{"a":1,"k":[{"o":{"x":0.333,"y":0},"i":{"x":0.667,"y":1},"s":[{"c":true,"i":[[0,-8.69],[26.83,-4.64],[3.18,0],[0,32.58],[-31.27,0],[-8.9,-20.42]],"o":[[0,29.26],[-3.04,0.53],[-31.27,0],[0,-32.58],[22.93,0],[3.24,7.43]],"v":[[56.625,0],[9.345,58.2],[-0.005,59],[-56.625,0],[-0.005,-59],[51.575,-24.38]]}],"t":-9},{"o":{"x":0.333,"y":0},"i":{"x":0.667,"y":1},"s":[{"c":true,"i":[[0,-8.072],[25.248,-4.344],[2.993,0],[0,30.262],[-29.433,0],[-8.381,-18.965]],"o":[[0,27.178],[-2.861,0.492],[-29.433,0],[0,-30.262],[21.583,0],[3.05,6.901]],"v":[[49.973,-4.199],[5.47,49.86],[-3.331,50.603],[-56.625,-4.199],[-3.331,-59],[45.219,-26.844]]}],"t":39},{"o":{"x":0.333,"y":0},"i":{"x":0.667,"y":1},"s":[{"c":true,"i":[[0,-8.69],[26.83,-4.64],[3.18,0],[0,32.58],[-31.27,0],[-8.9,-20.42]],"o":[[0,29.26],[-3.04,0.53],[-31.27,0],[0,-32.58],[22.93,0],[3.24,7.43]],"v":[[56.625,0],[9.345,58.2],[-0.005,59],[-56.625,0],[-0.005,-59],[51.575,-24.38]]}],"t":87},{"o":{"x":0.333,"y":0},"i":{"x":0.667,"y":1},"s":[{"c":true,"i":[[0,-8.072],[25.248,-4.344],[2.993,0],[0,30.262],[-29.433,0],[-8.381,-18.965]],"o":[[0,27.178],[-2.861,0.492],[-29.433,0],[0,-30.262],[21.583,0],[3.05,6.901]],"v":[[49.973,-4.199],[5.47,49.86],[-3.331,50.603],[-56.625,-4.199],[-3.331,-59],[45.219,-26.844]]}],"t":135},{"s":[{"c":true,"i":[[0,-8.69],[26.83,-4.64],[3.18,0],[0,32.58],[-31.27,0],[-8.9,-20.42]],"o":[[0,29.26],[-3.04,0.53],[-31.27,0],[0,-32.58],[22.93,0],[3.24,7.43]],"v":[[56.625,0],[9.345,58.2],[-0.005,59],[-56.625,0],[-0.005,-59],[51.575,-24.38]]}],"t":183}],"ix":2}},{"ty":"st","bm":0,"hd":false,"mn":"ADBE Vector Graphic - Stroke","nm":"Stroke 1","lc":2,"lj":2,"ml":1,"o":{"a":0,"k":100,"ix":4},"w":{"a":0,"k":3,"ix":5},"c":{"a":0,"k":[1,1,1],"ix":3}},{"ty":"fl","bm":0,"hd":false,"mn":"ADBE Vector Graphic - Fill","nm":"Fill 1","c":{"a":0,"k":[0,0,0],"ix":4},"r":1,"o":{"a":0,"k":100,"ix":5}},{"ty":"tr","a":{"a":0,"k":[0,0],"ix":1},"s":{"a":0,"k":[100,100],"ix":3},"sk":{"a":0,"k":0,"ix":4},"p":{"a":0,"k":[62.875,64],"ix":2},"r":{"a":0,"k":0,"ix":6},"sa":{"a":0,"k":0,"ix":5},"o":{"a":0,"k":100,"ix":7}}]},{"ty":"gr","bm":0,"hd":false,"mn":"ADBE Vector Group","nm":"Group 4","ix":7,"cix":2,"np":3,"it":[{"ty":"sh","bm":0,"hd":false,"mn":"ADBE Vector Shape - Group","nm":"Path 1","ix":1,"d":1,"ks":{"a":1,"k":[{"o":{"x":0.333,"y":0},"i":{"x":0.667,"y":1},"s":[{"c":true,"i":[[0,0],[13.875,10.858],[0,0]],"o":[[0,0],[-8.245,-6.453],[0,0]],"v":[[2.006,15.664],[-0.494,-9.211],[-13.381,-4.966]]}],"t":-9},{"o":{"x":0.333,"y":0},"i":{"x":0.667,"y":1},"s":[{"c":true,"i":[[0,0],[8.059,15.667],[0,0]],"o":[[0,0],[-4.789,-9.31],[0,0]],"v":[[-1.981,26.566],[6.154,2.927],[-9.576,-3.108]]}],"t":39},{"o":{"x":0.333,"y":0},"i":{"x":0.667,"y":1},"s":[{"c":true,"i":[[0,0],[13.875,10.858],[0,0]],"o":[[0,0],[-8.245,-6.453],[0,0]],"v":[[2.006,15.664],[-0.494,-9.211],[-13.381,-4.966]]}],"t":87},{"o":{"x":0.333,"y":0},"i":{"x":0.667,"y":1},"s":[{"c":true,"i":[[0,0],[8.059,15.667],[0,0]],"o":[[0,0],[-4.789,-9.31],[0,0]],"v":[[-1.981,26.566],[6.154,2.927],[-9.576,-3.108]]}],"t":135},{"s":[{"c":true,"i":[[0,0],[13.875,10.858],[0,0]],"o":[[0,0],[-8.245,-6.453],[0,0]],"v":[[2.006,15.664],[-0.494,-9.211],[-13.381,-4.966]]}],"t":183}],"ix":2}},{"ty":"st","bm":0,"hd":false,"mn":"ADBE Vector Graphic - Stroke","nm":"Stroke 1","lc":2,"lj":2,"ml":1,"o":{"a":0,"k":100,"ix":4},"w":{"a":0,"k":3,"ix":5},"c":{"a":0,"k":[1,1,1],"ix":3}},{"ty":"fl","bm":0,"hd":false,"mn":"ADBE Vector Graphic - Fill","nm":"Fill 1","c":{"a":0,"k":[0,0,0],"ix":4},"r":1,"o":{"a":0,"k":100,"ix":5}},{"ty":"tr","a":{"a":0,"k":[0,0],"ix":1},"s":{"a":0,"k":[100,100],"ix":3},"sk":{"a":0,"k":0,"ix":4},"p":{"a":0,"k":[113.744,44.586],"ix":2},"r":{"a":0,"k":0,"ix":6},"sa":{"a":0,"k":0,"ix":5},"o":{"a":0,"k":100,"ix":7}}]}],"ind":2,"parent":3},{"ty":4,"nm":"Layer 5 Outlines","sr":1,"st":0,"op":722,"ip":0,"hd":false,"ddd":0,"bm":0,"hasMask":false,"ao":0,"ks":{"a":{"a":0,"k":[70.119,97.367,0],"ix":1},"s":{"a":0,"k":[100,100,100],"ix":6},"sk":{"a":0,"k":0},"p":{"a":1,"k":[{"o":{"x":0.442,"y":0},"i":{"x":0.572,"y":1},"s":[216.7,230.842,0],"t":-22,"ti":[0,0,0],"to":[0,8,0]},{"o":{"x":0.457,"y":0},"i":{"x":0.559,"y":1},"s":[216.7,278.842,0],"t":29,"ti":[0,0,0],"to":[0,0,0]},{"o":{"x":0.442,"y":0},"i":{"x":0.572,"y":1},"s":[216.7,230.842,0],"t":74,"ti":[0,0,0],"to":[0,0,0]},{"o":{"x":0.457,"y":0},"i":{"x":0.559,"y":1},"s":[216.7,278.842,0],"t":125,"ti":[0,8,0],"to":[0,0,0]},{"s":[216.7,230.842,0],"t":170}],"ix":2},"r":{"a":0,"k":0,"ix":10},"sa":{"a":0,"k":0},"o":{"a":0,"k":100,"ix":11}},"ef":[],"shapes":[{"ty":"gr","bm":0,"hd":false,"mn":"ADBE Vector Group","nm":"Group 1","ix":1,"cix":2,"np":4,"it":[{"ty":"sh","bm":0,"hd":false,"mn":"ADBE Vector Shape - Group","nm":"Path 1","ix":1,"d":1,"ks":{"a":1,"k":[{"o":{"x":0.333,"y":0},"i":{"x":0.667,"y":1},"s":[{"c":true,"i":[[0,0],[49.792,2],[-26.635,-0.667]],"o":[[0,0],[-49.792,-2],[26.636,0.666]],"v":[[47.344,-23.047],[7.469,23.5],[-30.626,-24.833]]}],"t":0},{"o":{"x":0.333,"y":0},"i":{"x":0.667,"y":1},"s":[{"c":true,"i":[[0,0],[39.416,-2.629],[-26.635,-0.667]],"o":[[0,0],[-36.527,2.436],[26.636,0.666]],"v":[[47.344,-23.047],[6.969,14],[-30.626,-24.833]]}],"t":48},{"s":[{"c":true,"i":[[0,0],[49.792,2],[-26.635,-0.667]],"o":[[0,0],[-49.792,-2],[26.636,0.666]],"v":[[47.344,-23.047],[7.469,23.5],[-30.626,-24.833]]}],"t":96}],"ix":2}},{"ty":"tm","bm":0,"hd":false,"mn":"ADBE Vector Filter - Trim","nm":"Trim Paths 1","ix":2,"e":{"a":0,"k":90,"ix":2},"o":{"a":0,"k":-211,"ix":3},"s":{"a":0,"k":0,"ix":1},"m":1},{"ty":"st","bm":0,"hd":false,"mn":"ADBE Vector Graphic - Stroke","nm":"Stroke 1","lc":2,"lj":2,"ml":1,"o":{"a":0,"k":100,"ix":4},"w":{"a":0,"k":3,"ix":5},"c":{"a":0,"k":[1,1,1],"ix":3}},{"ty":"fl","bm":0,"hd":false,"mn":"ADBE Vector Graphic - Fill","nm":"Fill 1","c":{"a":0,"k":[0,0,0],"ix":4},"r":1,"o":{"a":0,"k":100,"ix":5}},{"ty":"tr","a":{"a":0,"k":[0,0],"ix":1},"s":{"a":0,"k":[100,100],"ix":3},"sk":{"a":0,"k":0,"ix":4},"p":{"a":0,"k":[77.978,49.089],"ix":2},"r":{"a":0,"k":0,"ix":6},"sa":{"a":0,"k":0,"ix":5},"o":{"a":0,"k":100,"ix":7}}]},{"ty":"gr","bm":0,"hd":false,"mn":"ADBE Vector Group","nm":"Group 3","ix":2,"cix":2,"np":4,"it":[{"ty":"sh","bm":0,"hd":false,"mn":"ADBE Vector Shape - Group","nm":"Path 1","ix":1,"d":1,"ks":{"a":1,"k":[{"o":{"x":0.333,"y":0},"i":{"x":0.667,"y":1},"s":[{"c":true,"i":[[1.496,28],[25.016,-2.923],[16.333,-9.666],[2.627,-21.876],[-6.194,-21.134],[-30,5],[-2.333,39.334]],"o":[[-1.179,-22.06],[-14.779,1.727],[-13.354,7.904],[-4.654,38.773],[5.667,19.333],[21.571,-3.595],[3.482,-58.686]],"v":[[62.416,-60.111],[16.535,-89.444],[-33.3,-73.909],[-59.257,-27.111],[-50.59,60.555],[7.41,87.367],[59.41,31.888]]}],"t":0},{"o":{"x":0.333,"y":0},"i":{"x":0.667,"y":1},"s":[{"c":true,"i":[[1.496,28],[25.016,-2.923],[16.333,-9.666],[2.627,-21.876],[-6.194,-21.134],[-30,5],[-2.333,39.334]],"o":[[-1.179,-22.06],[-14.779,1.727],[-13.354,7.904],[-4.654,38.773],[5.667,19.333],[21.571,-3.595],[3.482,-58.686]],"v":[[62.416,-60.111],[16.535,-89.444],[-33.3,-73.909],[-59.257,-27.111],[-58.59,36.555],[7.41,67.367],[61.91,17.388]]}],"t":48},{"s":[{"c":true,"i":[[1.496,28],[25.016,-2.923],[16.333,-9.666],[2.627,-21.876],[-6.194,-21.134],[-30,5],[-2.333,39.334]],"o":[[-1.179,-22.06],[-14.779,1.727],[-13.354,7.904],[-4.654,38.773],[5.667,19.333],[21.571,-3.595],[3.482,-58.686]],"v":[[62.416,-60.111],[16.535,-89.444],[-33.3,-73.909],[-59.257,-27.111],[-50.59,60.555],[7.41,87.367],[59.41,31.888]]}],"t":96}],"ix":2}},{"ty":"tm","bm":0,"hd":false,"mn":"ADBE Vector Filter - Trim","nm":"Trim Paths 1","ix":2,"e":{"a":0,"k":86,"ix":2},"o":{"a":0,"k":-130,"ix":3},"s":{"a":0,"k":0,"ix":1},"m":1},{"ty":"st","bm":0,"hd":false,"mn":"ADBE Vector Graphic - Stroke","nm":"Stroke 1","lc":2,"lj":2,"ml":1,"o":{"a":0,"k":100,"ix":4},"w":{"a":0,"k":3,"ix":5},"c":{"a":0,"k":[1,1,1],"ix":3}},{"ty":"tr","a":{"a":0,"k":[0,0],"ix":1},"s":{"a":0,"k":[100,100],"ix":3},"sk":{"a":0,"k":0,"ix":4},"p":{"a":0,"k":[68.911,97.367],"ix":2},"r":{"a":0,"k":0,"ix":6},"sa":{"a":0,"k":0,"ix":5},"o":{"a":0,"k":100,"ix":7}}]},{"ty":"gr","bm":0,"hd":false,"mn":"ADBE Vector Group","nm":"Group 2","ix":3,"cix":2,"np":3,"it":[{"ty":"sh","bm":0,"hd":false,"mn":"ADBE Vector Shape - Group","nm":"Path 1","ix":1,"d":1,"ks":{"a":1,"k":[{"o":{"x":0.333,"y":0},"i":{"x":0.667,"y":1},"s":[{"c":true,"i":[[-1.179,-22.06],[3.482,-58.686],[21.571,-3.595],[5.667,19.333],[-4.654,38.773],[-13.354,7.904],[-14.779,1.727]],"o":[[1.496,28],[-2.333,39.334],[-30,5],[-6.194,-21.134],[2.627,-21.876],[16.333,-9.666],[25.016,-2.923]],"v":[[62.416,-60.111],[59.41,31.888],[7.41,87.367],[-50.59,60.555],[-59.257,-27.111],[-33.3,-73.909],[16.535,-89.444]]}],"t":0},{"o":{"x":0.333,"y":0},"i":{"x":0.667,"y":1},"s":[{"c":true,"i":[[-1.179,-22.06],[3.482,-58.686],[21.571,-3.595],[5.667,19.333],[-4.654,38.773],[-13.354,7.904],[-14.779,1.727]],"o":[[1.496,28],[-2.333,39.334],[-30,5],[-6.194,-21.134],[2.627,-21.876],[16.333,-9.666],[25.016,-2.923]],"v":[[62.416,-60.111],[61.91,17.388],[7.41,67.367],[-58.59,36.555],[-59.257,-27.111],[-33.3,-73.909],[16.535,-89.444]]}],"t":48},{"s":[{"c":true,"i":[[-1.179,-22.06],[3.482,-58.686],[21.571,-3.595],[5.667,19.333],[-4.654,38.773],[-13.354,7.904],[-14.779,1.727]],"o":[[1.496,28],[-2.333,39.334],[-30,5],[-6.194,-21.134],[2.627,-21.876],[16.333,-9.666],[25.016,-2.923]],"v":[[62.416,-60.111],[59.41,31.888],[7.41,87.367],[-50.59,60.555],[-59.257,-27.111],[-33.3,-73.909],[16.535,-89.444]]}],"t":96}],"ix":2}},{"ty":"fl","bm":0,"hd":false,"mn":"ADBE Vector Graphic - Fill","nm":"Fill 1","c":{"a":0,"k":[0,0,0],"ix":4},"r":1,"o":{"a":0,"k":100,"ix":5}},{"ty":"tr","a":{"a":0,"k":[0,0],"ix":1},"s":{"a":0,"k":[100,100],"ix":3},"sk":{"a":0,"k":0,"ix":4},"p":{"a":0,"k":[68.911,97.367],"ix":2},"r":{"a":0,"k":0,"ix":6},"sa":{"a":0,"k":0,"ix":5},"o":{"a":0,"k":100,"ix":7}}]}],"ind":3},{"ty":4,"nm":"Layer 6 Outlines","sr":1,"st":0,"op":722,"ip":0,"hd":false,"ddd":0,"bm":0,"hasMask":false,"ao":0,"ks":{"a":{"a":0,"k":[55.315,20.25,0],"ix":1},"s":{"a":0,"k":[100,100,100],"ix":6},"sk":{"a":0,"k":0},"p":{"a":0,"k":[112.636,13.503,0],"ix":2},"r":{"a":1,"k":[{"o":{"x":0.479,"y":0},"i":{"x":0.437,"y":1},"s":[0],"t":-19},{"o":{"x":0.479,"y":0},"i":{"x":0.437,"y":1},"s":[-12],"t":29},{"o":{"x":0.479,"y":0},"i":{"x":0.437,"y":1},"s":[0],"t":77},{"o":{"x":0.479,"y":0},"i":{"x":0.437,"y":1},"s":[-12],"t":125},{"s":[0],"t":173}],"ix":10},"sa":{"a":0,"k":0},"o":{"a":0,"k":100,"ix":11}},"ef":[],"shapes":[{"ty":"gr","bm":0,"hd":false,"mn":"ADBE Vector Group","nm":"Group 1","ix":1,"cix":2,"np":3,"it":[{"ty":"sh","bm":0,"hd":false,"mn":"ADBE Vector Shape - Group","nm":"Path 1","ix":1,"d":1,"ks":{"a":1,"k":[{"o":{"x":0.333,"y":0},"i":{"x":0.667,"y":1},"s":[{"c":false,"i":[[0,0],[17.475,-13.051]],"o":[[0,0],[0,0]],"v":[[5.633,-17],[-8.738,17]]}],"t":0},{"o":{"x":0.333,"y":0},"i":{"x":0.667,"y":1},"s":[{"c":false,"i":[[0,0],[12.973,-12.522]],"o":[[0,0],[0,0]],"v":[[17.133,-3],[-1.738,25.5]]}],"t":48},{"s":[{"c":false,"i":[[0,0],[17.475,-13.051]],"o":[[0,0],[0,0]],"v":[[5.633,-17],[-8.738,17]]}],"t":96}],"ix":2}},{"ty":"st","bm":0,"hd":false,"mn":"ADBE Vector Graphic - Stroke","nm":"Stroke 1","lc":2,"lj":2,"ml":1,"o":{"a":0,"k":100,"ix":4},"w":{"a":0,"k":3,"ix":5},"c":{"a":0,"k":[1,1,1],"ix":3}},{"ty":"fl","bm":0,"hd":false,"mn":"ADBE Vector Graphic - Fill","nm":"Fill 1","c":{"a":0,"k":[0,0,0],"ix":4},"r":1,"o":{"a":0,"k":100,"ix":5}},{"ty":"tr","a":{"a":0,"k":[0,0],"ix":1},"s":{"a":0,"k":[100,100],"ix":3},"sk":{"a":0,"k":0,"ix":4},"p":{"a":0,"k":[100.737,44.17],"ix":2},"r":{"a":0,"k":0,"ix":6},"sa":{"a":0,"k":0,"ix":5},"o":{"a":0,"k":100,"ix":7}}]},{"ty":"gr","bm":0,"hd":false,"mn":"ADBE Vector Group","nm":"Group 2","ix":2,"cix":2,"np":3,"it":[{"ty":"sh","bm":0,"hd":false,"mn":"ADBE Vector Shape - Group","nm":"Path 1","ix":1,"d":1,"ks":{"a":1,"k":[{"o":{"x":0.333,"y":0},"i":{"x":0.667,"y":1},"s":[{"c":false,"i":[[0,0],[-24.634,6.527]],"o":[[0,0],[0,0]],"v":[[-9.959,18.237],[12.317,-18.237]]}],"t":0},{"o":{"x":0.333,"y":0},"i":{"x":0.667,"y":1},"s":[{"c":false,"i":[[0,0],[-25.203,-3.773]],"o":[[0,0],[0,0]],"v":[[-26.451,23.19],[2.709,2.786]]}],"t":48},{"s":[{"c":false,"i":[[0,0],[-24.634,6.527]],"o":[[0,0],[0,0]],"v":[[-9.959,18.237],[12.317,-18.237]]}],"t":96}],"ix":2}},{"ty":"st","bm":0,"hd":false,"mn":"ADBE Vector Graphic - Stroke","nm":"Stroke 1","lc":2,"lj":2,"ml":1,"o":{"a":0,"k":100,"ix":4},"w":{"a":0,"k":3,"ix":5},"c":{"a":0,"k":[1,1,1],"ix":3}},{"ty":"fl","bm":0,"hd":false,"mn":"ADBE Vector Graphic - Fill","nm":"Fill 1","c":{"a":0,"k":[0,0,0],"ix":4},"r":1,"o":{"a":0,"k":100,"ix":5}},{"ty":"tr","a":{"a":0,"k":[0,0],"ix":1},"s":{"a":0,"k":[100,100],"ix":3},"sk":{"a":0,"k":0,"ix":4},"p":{"a":0,"k":[153.547,73.433],"ix":2},"r":{"a":0,"k":0,"ix":6},"sa":{"a":0,"k":0,"ix":5},"o":{"a":0,"k":100,"ix":7}}]},{"ty":"gr","bm":0,"hd":false,"mn":"ADBE Vector Group","nm":"Group 3","ix":3,"cix":2,"np":3,"it":[{"ty":"sh","bm":0,"hd":false,"mn":"ADBE Vector Shape - Group","nm":"Path 1","ix":1,"d":1,"ks":{"a":1,"k":[{"o":{"x":0.333,"y":0},"i":{"x":0.667,"y":1},"s":[{"c":false,"i":[[0,0],[2.875,-7.125],[0,0]],"o":[[0,0],[-2.875,7.125],[0,0]],"v":[[-0.313,-10.438],[7.813,3.313],[-10.688,3.313]]}],"t":0},{"o":{"x":0.333,"y":0},"i":{"x":0.667,"y":1},"s":[{"c":false,"i":[[0,0],[2.296,-5.163],[0,0]],"o":[[0,0],[-3.122,7.02],[0,0]],"v":[[-18.769,15.234],[-16.761,23.329],[-31.995,17.995]]}],"t":48},{"s":[{"c":false,"i":[[0,0],[2.875,-7.125],[0,0]],"o":[[0,0],[-2.875,7.125],[0,0]],"v":[[-0.313,-10.438],[7.813,3.313],[-10.688,3.313]]}],"t":96}],"ix":2}},{"ty":"st","bm":0,"hd":false,"mn":"ADBE Vector Graphic - Stroke","nm":"Stroke 1","lc":2,"lj":2,"ml":1,"o":{"a":0,"k":100,"ix":4},"w":{"a":0,"k":3,"ix":5},"c":{"a":0,"k":[1,1,1],"ix":3}},{"ty":"fl","bm":0,"hd":false,"mn":"ADBE Vector Graphic - Fill","nm":"Fill 1","c":{"a":0,"k":[0,0,0],"ix":4},"r":1,"o":{"a":0,"k":100,"ix":5}},{"ty":"tr","a":{"a":0,"k":[0,0],"ix":1},"s":{"a":0,"k":[100,100],"ix":3},"sk":{"a":0,"k":0,"ix":4},"p":{"a":0,"k":[167.062,83.357],"ix":2},"r":{"a":0,"k":0,"ix":6},"sa":{"a":0,"k":0,"ix":5},"o":{"a":0,"k":100,"ix":7}}]},{"ty":"gr","bm":0,"hd":false,"mn":"ADBE Vector Group","nm":"Group 4","ix":4,"cix":2,"np":3,"it":[{"ty":"sh","bm":0,"hd":false,"mn":"ADBE Vector Shape - Group","nm":"Path 1","ix":1,"d":1,"ks":{"a":1,"k":[{"o":{"x":0.333,"y":0},"i":{"x":0.667,"y":1},"s":[{"c":true,"i":[[0,0],[2.16,-0.64],[1.85,3.21],[0,0],[-3.23,-1.94]],"o":[[-2.91,0.33],[0,0],[0,0],[3.651,0.93],[0,0]],"v":[[5.8,1.76],[-3.17,3.26],[-5.8,-3.26],[-5.67,-3.23],[4.7,1.1]]}],"t":0},{"o":{"x":0.333,"y":0},"i":{"x":0.667,"y":1},"s":[{"c":true,"i":[[0,0],[2.16,-0.64],[1.85,3.21],[0,0],[-4.772,-3.737]],"o":[[-2.91,0.33],[0,0],[0,0],[3.651,0.93],[0,0]],"v":[[21.55,19.51],[8.58,17.01],[6.825,10.24],[6.955,10.27],[20.45,18.85]]}],"t":48},{"s":[{"c":true,"i":[[0,0],[2.16,-0.64],[1.85,3.21],[0,0],[-3.23,-1.94]],"o":[[-2.91,0.33],[0,0],[0,0],[3.651,0.93],[0,0]],"v":[[5.8,1.76],[-3.17,3.26],[-5.8,-3.26],[-5.67,-3.23],[4.7,1.1]]}],"t":96}],"ix":2}},{"ty":"st","bm":0,"hd":false,"mn":"ADBE Vector Graphic - Stroke","nm":"Stroke 1","lc":2,"lj":2,"ml":1,"o":{"a":0,"k":100,"ix":4},"w":{"a":0,"k":3,"ix":5},"c":{"a":0,"k":[1,1,1],"ix":3}},{"ty":"fl","bm":0,"hd":false,"mn":"ADBE Vector Graphic - Fill","nm":"Fill 1","c":{"a":0,"k":[1,1,1],"ix":4},"r":1,"o":{"a":0,"k":100,"ix":5}},{"ty":"tr","a":{"a":0,"k":[0,0],"ix":1},"s":{"a":0,"k":[100,100],"ix":3},"sk":{"a":0,"k":0,"ix":4},"p":{"a":0,"k":[112.17,20.91],"ix":2},"r":{"a":0,"k":0,"ix":6},"sa":{"a":0,"k":0,"ix":5},"o":{"a":0,"k":100,"ix":7}}]},{"ty":"gr","bm":0,"hd":false,"mn":"ADBE Vector Group","nm":"Group 5","ix":5,"cix":2,"np":3,"it":[{"ty":"sh","bm":0,"hd":false,"mn":"ADBE Vector Shape - Group","nm":"Path 1","ix":1,"d":1,"ks":{"a":1,"k":[{"o":{"x":0.333,"y":0},"i":{"x":0.667,"y":1},"s":[{"c":true,"i":[[11.3,-18.18],[0,0],[9.84,6.67],[0,0],[0,0],[-52,4],[0,0],[0,0],[-3.23,-1.94],[0,0],[0,0]],"o":[[-6.33,10.19],[0,0],[-9.95,-6.75],[0,0],[0,0],[0,0],[0,0],[3.65,0.93],[0,0],[0,0],[0,0]],"v":[[89.015,40.06],[61.685,42.42],[41.015,42.42],[-14.315,11.09],[-65.155,-5.67],[-48.315,-50.25],[1.055,-37.6],[1.185,-37.57],[11.555,-33.24],[12.655,-32.58],[66.685,-0.05]]}],"t":0},{"o":{"x":0.333,"y":0},"i":{"x":0.667,"y":1},"s":[{"c":true,"i":[[12.36,-13.558],[0,0],[6.386,10.027],[0,0],[0,0],[-52,4],[0,0],[0,0],[-3.23,-1.94],[0,0],[0,0]],"o":[[-6.418,7.041],[0,0],[-6.459,-10.141],[0,0],[0,0],[0,0],[0,0],[3.65,0.93],[0,0],[0,0],[0,0]],"v":[[62.173,64.831],[43.896,62.163],[19.42,50.719],[-6.565,17.84],[-60.155,-12.92],[-40.815,-57.75],[13.68,-24.1],[13.81,-24.07],[27.305,-15.49],[28.405,-14.83],[56.573,23.405]]}],"t":48},{"s":[{"c":true,"i":[[11.3,-18.18],[0,0],[9.84,6.67],[0,0],[0,0],[-52,4],[0,0],[0,0],[-3.23,-1.94],[0,0],[0,0]],"o":[[-6.33,10.19],[0,0],[-9.95,-6.75],[0,0],[0,0],[0,0],[0,0],[3.65,0.93],[0,0],[0,0],[0,0]],"v":[[89.015,40.06],[61.685,42.42],[41.015,42.42],[-14.315,11.09],[-65.155,-5.67],[-48.315,-50.25],[1.055,-37.6],[1.185,-37.57],[11.555,-33.24],[12.655,-32.58],[66.685,-0.05]]}],"t":96}],"ix":2}},{"ty":"st","bm":0,"hd":false,"mn":"ADBE Vector Graphic - Stroke","nm":"Stroke 1","lc":2,"lj":2,"ml":1,"o":{"a":0,"k":100,"ix":4},"w":{"a":0,"k":3,"ix":5},"c":{"a":0,"k":[1,1,1],"ix":3}},{"ty":"fl","bm":0,"hd":false,"mn":"ADBE Vector Graphic - Fill","nm":"Fill 1","c":{"a":0,"k":[0,0,0],"ix":4},"r":1,"o":{"a":0,"k":100,"ix":5}},{"ty":"tr","a":{"a":0,"k":[0,0],"ix":1},"s":{"a":0,"k":[100,100],"ix":3},"sk":{"a":0,"k":0,"ix":4},"p":{"a":0,"k":[105.315,55.25],"ix":2},"r":{"a":0,"k":0,"ix":6},"sa":{"a":0,"k":0,"ix":5},"o":{"a":0,"k":100,"ix":7}}]}],"ind":4,"parent":3},{"ty":4,"nm":"Layer 7 Outlines","sr":1,"st":0,"op":722,"ip":0,"hd":false,"ddd":0,"bm":0,"hasMask":false,"ao":0,"ks":{"a":{"a":0,"k":[29.91,4.405,0],"ix":1},"s":{"a":0,"k":[100,100,100],"ix":6},"sk":{"a":0,"k":0},"p":{"a":0,"k":[45.181,143.077,0],"ix":2},"r":{"a":1,"k":[{"o":{"x":0.495,"y":0},"i":{"x":0.529,"y":1},"s":[0],"t":-26},{"o":{"x":0.495,"y":0},"i":{"x":0.529,"y":1},"s":[-16],"t":22},{"o":{"x":0.495,"y":0},"i":{"x":0.529,"y":1},"s":[0],"t":70},{"o":{"x":0.495,"y":0},"i":{"x":0.529,"y":1},"s":[-16],"t":118},{"s":[0],"t":166}],"ix":10},"sa":{"a":0,"k":0},"o":{"a":0,"k":100,"ix":11}},"ef":[],"shapes":[{"ty":"gr","bm":0,"hd":false,"mn":"ADBE Vector Group","nm":"Group 1","ix":1,"cix":2,"np":3,"it":[{"ty":"sh","bm":0,"hd":false,"mn":"ADBE Vector Shape - Group","nm":"Path 1","ix":1,"d":1,"ks":{"a":1,"k":[{"o":{"x":0.333,"y":0},"i":{"x":0.667,"y":1},"s":[{"c":true,"i":[[12.65,0.18],[5.089,4.99],[1.21,5.519],[-19.8,7.7],[0,0]],"o":[[-7.66,-0.1],[-3.891,-3.81],[11.81,3.159],[0,0],[0.53,12.63]],"v":[[2.375,12.32],[-17.314,4.12],[-25.225,-10.119],[24.615,-12.5],[24.695,-10.61]]}],"t":0},{"o":{"x":0.333,"y":0},"i":{"x":0.667,"y":1},"s":[{"c":true,"i":[[12.65,0.18],[5.089,4.99],[-0.097,5.412],[-19.8,7.7],[0,0]],"o":[[-7.66,-0.1],[-3.891,-3.81],[11.81,3.159],[0,0],[-3.892,13.778]],"v":[[-10.25,-15.305],[-28.189,-22.505],[-32.975,-39.369],[13.615,-37.5],[13.695,-35.61]]}],"t":48},{"s":[{"c":true,"i":[[12.65,0.18],[5.089,4.99],[1.21,5.519],[-19.8,7.7],[0,0]],"o":[[-7.66,-0.1],[-3.891,-3.81],[11.81,3.159],[0,0],[0.53,12.63]],"v":[[2.375,12.32],[-17.314,4.12],[-25.225,-10.119],[24.615,-12.5],[24.695,-10.61]]}],"t":96}],"ix":2}},{"ty":"st","bm":0,"hd":false,"mn":"ADBE Vector Graphic - Stroke","nm":"Stroke 1","lc":2,"lj":2,"ml":1,"o":{"a":0,"k":100,"ix":4},"w":{"a":0,"k":3,"ix":5},"c":{"a":0,"k":[1,1,1],"ix":3}},{"ty":"fl","bm":0,"hd":false,"mn":"ADBE Vector Graphic - Fill","nm":"Fill 1","c":{"a":0,"k":[1,1,1],"ix":4},"r":1,"o":{"a":0,"k":100,"ix":5}},{"ty":"tr","a":{"a":0,"k":[0,0],"ix":1},"s":{"a":0,"k":[100,100],"ix":3},"sk":{"a":0,"k":0,"ix":4},"p":{"a":0,"k":[33.595,99.31],"ix":2},"r":{"a":0,"k":0,"ix":6},"sa":{"a":0,"k":0,"ix":5},"o":{"a":0,"k":100,"ix":7}}]},{"ty":"gr","bm":0,"hd":false,"mn":"ADBE Vector Group","nm":"Group 3","ix":2,"cix":2,"np":4,"it":[{"ty":"sh","bm":0,"hd":false,"mn":"ADBE Vector Shape - Group","nm":"Path 1","ix":1,"d":1,"ks":{"a":1,"k":[{"o":{"x":0.333,"y":0},"i":{"x":0.667,"y":1},"s":[{"c":true,"i":[[12.65,0.18],[5.089,4.99],[1.21,5.519],[0.06,1.81],[0,0],[0,0],[0,0],[0,0]],"o":[[-7.66,-0.1],[-3.891,-3.81],[-0.39,-1.71],[0,0],[0,0],[0,0],[0,0],[0.53,12.63]],"v":[[4.06,53.225],[-15.629,45.025],[-23.54,30.786],[-24.22,25.505],[-26.91,-53.405],[23.22,-46.155],[26.3,28.405],[26.38,30.295]]}],"t":0},{"o":{"x":0.333,"y":0},"i":{"x":0.667,"y":1},"s":[{"c":true,"i":[[12.65,0.18],[5.089,4.99],[1.21,5.519],[0.06,1.81],[0,0],[0,0],[0,0],[0,0]],"o":[[-7.66,-0.1],[-3.891,-3.81],[-0.39,-1.71],[0,0],[0,0],[0,0],[0,0],[-3.517,13.153]],"v":[[-8.565,25.6],[-26.504,18.4],[-31.29,1.536],[-31.97,-3.745],[-26.91,-53.405],[23.22,-46.155],[15.3,3.405],[15.38,5.295]]}],"t":48},{"s":[{"c":true,"i":[[12.65,0.18],[5.089,4.99],[1.21,5.519],[0.06,1.81],[0,0],[0,0],[0,0],[0,0]],"o":[[-7.66,-0.1],[-3.891,-3.81],[-0.39,-1.71],[0,0],[0,0],[0,0],[0,0],[0.53,12.63]],"v":[[4.06,53.225],[-15.629,45.025],[-23.54,30.786],[-24.22,25.505],[-26.91,-53.405],[23.22,-46.155],[26.3,28.405],[26.38,30.295]]}],"t":96}],"ix":2}},{"ty":"tm","bm":0,"hd":false,"mn":"ADBE Vector Filter - Trim","nm":"Trim Paths 1","ix":2,"e":{"a":0,"k":71,"ix":2},"o":{"a":0,"k":-292,"ix":3},"s":{"a":0,"k":0,"ix":1},"m":1},{"ty":"st","bm":0,"hd":false,"mn":"ADBE Vector Graphic - Stroke","nm":"Stroke 1","lc":2,"lj":2,"ml":1,"o":{"a":0,"k":100,"ix":4},"w":{"a":0,"k":3,"ix":5},"c":{"a":0,"k":[1,1,1],"ix":3}},{"ty":"tr","a":{"a":0,"k":[0,0],"ix":1},"s":{"a":0,"k":[100,100],"ix":3},"sk":{"a":0,"k":0,"ix":4},"p":{"a":0,"k":[31.91,58.405],"ix":2},"r":{"a":0,"k":0,"ix":6},"sa":{"a":0,"k":0,"ix":5},"o":{"a":0,"k":100,"ix":7}}]},{"ty":"gr","bm":0,"hd":false,"mn":"ADBE Vector Group","nm":"Group 2","ix":3,"cix":2,"np":3,"it":[{"ty":"sh","bm":0,"hd":false,"mn":"ADBE Vector Shape - Group","nm":"Path 1","ix":1,"d":1,"ks":{"a":1,"k":[{"o":{"x":0.333,"y":0},"i":{"x":0.667,"y":1},"s":[{"c":true,"i":[[12.65,0.18],[5.089,4.99],[1.21,5.519],[0.06,1.81],[0,0],[0,0],[0,0],[0,0]],"o":[[-7.66,-0.1],[-3.891,-3.81],[-0.39,-1.71],[0,0],[0,0],[0,0],[0,0],[0.53,12.63]],"v":[[4.06,53.225],[-15.629,45.025],[-23.54,30.786],[-24.22,25.505],[-26.91,-53.405],[23.22,-46.155],[26.3,28.405],[26.38,30.295]]}],"t":0},{"o":{"x":0.333,"y":0},"i":{"x":0.667,"y":1},"s":[{"c":true,"i":[[12.65,0.18],[5.089,4.99],[1.21,5.519],[0.06,1.81],[0,0],[0,0],[0,0],[0,0]],"o":[[-7.66,-0.1],[-3.891,-3.81],[-0.39,-1.71],[0,0],[0,0],[0,0],[0,0],[-3.517,13.153]],"v":[[-8.565,25.6],[-26.504,18.4],[-31.29,1.536],[-31.97,-3.745],[-26.91,-53.405],[23.22,-46.155],[15.3,3.405],[15.38,5.295]]}],"t":48},{"s":[{"c":true,"i":[[12.65,0.18],[5.089,4.99],[1.21,5.519],[0.06,1.81],[0,0],[0,0],[0,0],[0,0]],"o":[[-7.66,-0.1],[-3.891,-3.81],[-0.39,-1.71],[0,0],[0,0],[0,0],[0,0],[0.53,12.63]],"v":[[4.06,53.225],[-15.629,45.025],[-23.54,30.786],[-24.22,25.505],[-26.91,-53.405],[23.22,-46.155],[26.3,28.405],[26.38,30.295]]}],"t":96}],"ix":2}},{"ty":"fl","bm":0,"hd":false,"mn":"ADBE Vector Graphic - Fill","nm":"Fill 1","c":{"a":0,"k":[0,0,0],"ix":4},"r":1,"o":{"a":0,"k":100,"ix":5}},{"ty":"tr","a":{"a":0,"k":[0,0],"ix":1},"s":{"a":0,"k":[100,100],"ix":3},"sk":{"a":0,"k":0,"ix":4},"p":{"a":0,"k":[31.91,58.405],"ix":2},"r":{"a":0,"k":0,"ix":6},"sa":{"a":0,"k":0,"ix":5},"o":{"a":0,"k":100,"ix":7}}]}],"ind":5,"parent":3},{"ty":4,"nm":"Layer 9 Outlines","sr":1,"st":0,"op":722,"ip":0,"hd":false,"ddd":0,"bm":0,"hasMask":false,"ao":0,"ks":{"a":{"a":0,"k":[85.849,4.524,0],"ix":1},"s":{"a":0,"k":[100,100,100],"ix":6},"sk":{"a":0,"k":0},"p":{"a":0,"k":[38.565,69.024,0],"ix":2},"r":{"a":1,"k":[{"o":{"x":0.52,"y":0},"i":{"x":0.428,"y":1},"s":[0],"t":-42},{"o":{"x":0.52,"y":0},"i":{"x":0.428,"y":1},"s":[4],"t":6},{"o":{"x":0.52,"y":0},"i":{"x":0.428,"y":1},"s":[0],"t":54},{"o":{"x":0.52,"y":0},"i":{"x":0.428,"y":1},"s":[4],"t":102},{"s":[0],"t":150}],"ix":10},"sa":{"a":0,"k":0},"o":{"a":0,"k":100,"ix":11}},"ef":[],"shapes":[{"ty":"gr","bm":0,"hd":false,"mn":"ADBE Vector Group","nm":"Group 3","ix":1,"cix":2,"np":4,"it":[{"ty":"sh","bm":0,"hd":false,"mn":"ADBE Vector Shape - Group","nm":"Path 1","ix":1,"d":1,"ks":{"a":1,"k":[{"o":{"x":0.333,"y":0},"i":{"x":0.667,"y":1},"s":[{"c":true,"i":[[0,0],[0,0],[0.102,-6.702],[-2.589,-3.664],[0,0],[-11.093,6.844],[0,0]],"o":[[0,0],[-6.18,3.799],[-0.063,4.146],[0,0],[7.52,10.646],[0,0],[0,0]],"v":[[0.031,-32.583],[-27.689,-13.378],[-37.376,3.658],[-33.65,15.676],[-31.32,18.975],[1.797,25.74],[37.439,3.749]]}],"t":0},{"o":{"x":0.333,"y":0},"i":{"x":0.667,"y":1},"s":[{"c":true,"i":[[0,0],[0,0],[-0.822,-7.751],[-2.658,-1.971],[0,0],[-6.463,7.338],[0,0]],"o":[[0,0],[0,0],[0.323,3.041],[0,0],[7.721,5.727],[0,0],[0,0]],"v":[[-10.182,-55.333],[-18.126,-40.419],[-22.27,-24.355],[-16.072,-10.215],[-13.68,-8.44],[14.87,-11.068],[27.408,-29.537]]}],"t":48},{"s":[{"c":true,"i":[[0,0],[0,0],[0.102,-6.702],[-2.589,-3.664],[0,0],[-11.093,6.844],[0,0]],"o":[[0,0],[-6.18,3.799],[-0.063,4.146],[0,0],[7.52,10.646],[0,0],[0,0]],"v":[[0.031,-32.583],[-27.689,-13.378],[-37.376,3.658],[-33.65,15.676],[-31.32,18.975],[1.797,25.74],[37.439,3.749]]}],"t":96}],"ix":2}},{"ty":"tm","bm":0,"hd":false,"mn":"ADBE Vector Filter - Trim","nm":"Trim Paths 1","ix":2,"e":{"a":0,"k":85,"ix":2},"o":{"a":0,"k":-202,"ix":3},"s":{"a":0,"k":0,"ix":1},"m":1},{"ty":"st","bm":0,"hd":false,"mn":"ADBE Vector Graphic - Stroke","nm":"Stroke 1","lc":2,"lj":2,"ml":1,"o":{"a":0,"k":100,"ix":4},"w":{"a":0,"k":3,"ix":5},"c":{"a":0,"k":[1,1,1],"ix":3}},{"ty":"tr","a":{"a":0,"k":[0,0],"ix":1},"s":{"a":0,"k":[100,100],"ix":3},"sk":{"a":0,"k":0,"ix":4},"p":{"a":0,"k":[61.024,37.583],"ix":2},"r":{"a":0,"k":0,"ix":6},"sa":{"a":0,"k":0,"ix":5},"o":{"a":0,"k":100,"ix":7}}]},{"ty":"gr","bm":0,"hd":false,"mn":"ADBE Vector Group","nm":"Group 1","ix":2,"cix":2,"np":3,"it":[{"ty":"sh","bm":0,"hd":false,"mn":"ADBE Vector Shape - Group","nm":"Path 1","ix":1,"d":1,"ks":{"a":1,"k":[{"o":{"x":0.333,"y":0},"i":{"x":0.667,"y":1},"s":[{"c":true,"i":[[0,0],[0,0],[0.102,-6.702],[-2.589,-3.664],[0,0],[-11.093,6.844],[0,0]],"o":[[0,0],[-6.18,3.799],[-0.063,4.146],[0,0],[7.52,10.646],[0,0],[0,0]],"v":[[0.031,-32.583],[-27.689,-13.378],[-37.376,3.658],[-33.65,15.676],[-31.32,18.975],[1.797,25.74],[37.439,3.749]]}],"t":0},{"o":{"x":0.333,"y":0},"i":{"x":0.667,"y":1},"s":[{"c":true,"i":[[0,0],[0,0],[-0.822,-7.751],[-2.658,-1.971],[0,0],[-6.463,7.338],[0,0]],"o":[[0,0],[0,0],[0.323,3.041],[0,0],[7.721,5.727],[0,0],[0,0]],"v":[[-10.182,-55.333],[-18.126,-40.419],[-22.27,-24.355],[-16.072,-10.215],[-13.68,-8.44],[14.87,-11.068],[27.408,-29.537]]}],"t":48},{"s":[{"c":true,"i":[[0,0],[0,0],[0.102,-6.702],[-2.589,-3.664],[0,0],[-11.093,6.844],[0,0]],"o":[[0,0],[-6.18,3.799],[-0.063,4.146],[0,0],[7.52,10.646],[0,0],[0,0]],"v":[[0.031,-32.583],[-27.689,-13.378],[-37.376,3.658],[-33.65,15.676],[-31.32,18.975],[1.797,25.74],[37.439,3.749]]}],"t":96}],"ix":2}},{"ty":"fl","bm":0,"hd":false,"mn":"ADBE Vector Graphic - Fill","nm":"Fill 1","c":{"a":0,"k":[0,0,0],"ix":4},"r":1,"o":{"a":0,"k":100,"ix":5}},{"ty":"tr","a":{"a":0,"k":[0,0],"ix":1},"s":{"a":0,"k":[100,100],"ix":3},"sk":{"a":0,"k":0,"ix":4},"p":{"a":0,"k":[61.024,37.583],"ix":2},"r":{"a":0,"k":0,"ix":6},"sa":{"a":0,"k":0,"ix":5},"o":{"a":0,"k":100,"ix":7}}]},{"ty":"gr","bm":0,"hd":false,"mn":"ADBE Vector Group","nm":"Group 2","ix":3,"cix":2,"np":3,"it":[{"ty":"sh","bm":0,"hd":false,"mn":"ADBE Vector Shape - Group","nm":"Path 1","ix":1,"d":1,"ks":{"a":1,"k":[{"o":{"x":0.333,"y":0},"i":{"x":0.667,"y":1},"s":[{"c":true,"i":[[17.979,-8],[-5,-33.667],[-20.281,8],[6.217,13.367]],"o":[[0,0],[5,33.666],[20.279,-8],[-5.66,-12.17]],"v":[[-19.521,-44],[-33.167,-5],[17.888,44],[25.334,-14.5]]}],"t":0},{"o":{"x":0.333,"y":0},"i":{"x":0.667,"y":1},"s":[{"c":true,"i":[[14.512,-0.238],[2.848,-28.212],[-21.653,-0.208],[0.258,21.596]],"o":[[0,0],[-2.521,24.975],[16.077,0.154],[-0.348,-29.156]],"v":[[7.939,-82.38],[-14.083,-49.352],[16.918,5.894],[41.113,-36.408]]}],"t":48},{"s":[{"c":true,"i":[[17.979,-8],[-5,-33.667],[-20.281,8],[6.217,13.367]],"o":[[0,0],[5,33.666],[20.279,-8],[-5.66,-12.17]],"v":[[-19.521,-44],[-33.167,-5],[17.888,44],[25.334,-14.5]]}],"t":96}],"ix":2}},{"ty":"st","bm":0,"hd":false,"mn":"ADBE Vector Graphic - Stroke","nm":"Stroke 1","lc":2,"lj":2,"ml":1,"o":{"a":0,"k":100,"ix":4},"w":{"a":0,"k":3,"ix":5},"c":{"a":0,"k":[1,1,1],"ix":3}},{"ty":"fl","bm":0,"hd":false,"mn":"ADBE Vector Graphic - Fill","nm":"Fill 1","c":{"a":0,"k":[0,0,0],"ix":4},"r":1,"o":{"a":0,"k":100,"ix":5}},{"ty":"tr","a":{"a":0,"k":[0,0],"ix":1},"s":{"a":0,"k":[100,100],"ix":3},"sk":{"a":0,"k":0,"ix":4},"p":{"a":0,"k":[43.167,67.417],"ix":2},"r":{"a":0,"k":0,"ix":6},"sa":{"a":0,"k":0,"ix":5},"o":{"a":0,"k":100,"ix":7}}]}],"ind":6,"parent":5},{"ty":4,"nm":"Layer 8 Outlines","sr":1,"st":0,"op":722,"ip":0,"hd":false,"ddd":0,"bm":0,"hasMask":false,"ao":0,"ks":{"a":{"a":0,"k":[28.25,11.915,0],"ix":1},"s":{"a":0,"k":[100,100,100],"ix":6},"sk":{"a":0,"k":0},"p":{"a":0,"k":[93.331,134.328,0],"ix":2},"r":{"a":1,"k":[{"o":{"x":0.495,"y":0},"i":{"x":0.529,"y":1},"s":[0],"t":0},{"o":{"x":0.495,"y":0},"i":{"x":0.529,"y":1},"s":[-16],"t":48},{"o":{"x":0.495,"y":0},"i":{"x":0.529,"y":1},"s":[0],"t":96},{"o":{"x":0.495,"y":0},"i":{"x":0.529,"y":1},"s":[-16],"t":144},{"s":[0],"t":192}],"ix":10},"sa":{"a":0,"k":0},"o":{"a":0,"k":100,"ix":11}},"ef":[],"shapes":[{"ty":"gr","bm":0,"hd":false,"mn":"ADBE Vector Group","nm":"Group 1","ix":1,"cix":2,"np":3,"it":[{"ty":"sh","bm":0,"hd":false,"mn":"ADBE Vector Shape - Group","nm":"Path 1","ix":1,"d":1,"ks":{"a":1,"k":[{"o":{"x":0.333,"y":0},"i":{"x":0.667,"y":1},"s":[{"c":true,"i":[[12.011,-6.11],[3.681,0],[4.6,5.08],[-2.4,8.891]],"o":[[-3.5,1.79],[-6.71,0],[30.071,-3.5],[4.84,12.141]],"v":[[5.84,14.895],[-5.08,17.525],[-22.92,9.635],[18.08,-17.525]]}],"t":0},{"o":{"x":0.333,"y":0},"i":{"x":0.667,"y":1},"s":[{"c":true,"i":[[12.011,-6.11],[3.569,0.899],[4.6,5.08],[-2.4,8.891]],"o":[[-3.5,1.79],[-10.787,-2.718],[30.071,-3.5],[3.178,9.958]],"v":[[10.59,3.645],[-4.705,5.525],[-19.545,-4.241],[21.455,-25.275]]}],"t":48},{"s":[{"c":true,"i":[[12.011,-6.11],[3.681,0],[4.6,5.08],[-2.4,8.891]],"o":[[-3.5,1.79],[-6.71,0],[30.071,-3.5],[4.84,12.141]],"v":[[5.84,14.895],[-5.08,17.525],[-22.92,9.635],[18.08,-17.525]]}],"t":96}],"ix":2}},{"ty":"st","bm":0,"hd":false,"mn":"ADBE Vector Graphic - Stroke","nm":"Stroke 1","lc":2,"lj":2,"ml":1,"o":{"a":0,"k":100,"ix":4},"w":{"a":0,"k":3,"ix":5},"c":{"a":0,"k":[1,1,1],"ix":3}},{"ty":"fl","bm":0,"hd":false,"mn":"ADBE Vector Graphic - Fill","nm":"Fill 1","c":{"a":0,"k":[1,1,1],"ix":4},"r":1,"o":{"a":0,"k":100,"ix":5}},{"ty":"tr","a":{"a":0,"k":[0,0],"ix":1},"s":{"a":0,"k":[100,100],"ix":3},"sk":{"a":0,"k":0,"ix":4},"p":{"a":0,"k":[58.58,71.305],"ix":2},"r":{"a":0,"k":0,"ix":6},"sa":{"a":0,"k":0,"ix":5},"o":{"a":0,"k":100,"ix":7}}]},{"ty":"gr","bm":0,"hd":false,"mn":"ADBE Vector Group","nm":"Group 3","ix":2,"cix":2,"np":4,"it":[{"ty":"sh","bm":0,"hd":false,"mn":"ADBE Vector Shape - Group","nm":"Path 1","ix":1,"d":1,"ks":{"a":1,"k":[{"o":{"x":0.333,"y":0},"i":{"x":0.667,"y":1},"s":[{"c":true,"i":[[12.011,-6.11],[3.681,0],[4.6,5.08],[0,0],[0,0],[0,0],[-0.45,-1.14]],"o":[[-3.5,1.79],[-6.71,0],[-1.36,-1.489],[0,0],[0,0],[0.63,1.09],[4.84,12.141]],"v":[[21.17,39.285],[10.25,41.915],[-7.59,34.024],[-38.25,-23.085],[5.66,-41.915],[31.79,3.514],[33.41,6.864]]}],"t":0},{"o":{"x":0.333,"y":0},"i":{"x":0.667,"y":1},"s":[{"c":true,"i":[[12.011,-6.11],[3.608,0.731],[4.6,5.08],[0,0],[0,0],[0,0],[-0.45,-1.14]],"o":[[-3.5,1.79],[-12.787,-2.593],[-1.36,-1.489],[0,0],[0,0],[0.63,1.09],[4.84,12.141]],"v":[[25.92,28.035],[12.125,29.915],[-4.215,20.149],[-27.25,-35.835],[9.91,-59.665],[34.415,-4.861],[36.035,-1.511]]}],"t":48},{"s":[{"c":true,"i":[[12.011,-6.11],[3.681,0],[4.6,5.08],[0,0],[0,0],[0,0],[-0.45,-1.14]],"o":[[-3.5,1.79],[-6.71,0],[-1.36,-1.489],[0,0],[0,0],[0.63,1.09],[4.84,12.141]],"v":[[21.17,39.285],[10.25,41.915],[-7.59,34.024],[-38.25,-23.085],[5.66,-41.915],[31.79,3.514],[33.41,6.864]]}],"t":96}],"ix":2}},{"ty":"tm","bm":0,"hd":false,"mn":"ADBE Vector Filter - Trim","nm":"Trim Paths 1","ix":2,"e":{"a":0,"k":63,"ix":2},"o":{"a":0,"k":81,"ix":3},"s":{"a":0,"k":0,"ix":1},"m":1},{"ty":"st","bm":0,"hd":false,"mn":"ADBE Vector Graphic - Stroke","nm":"Stroke 1","lc":2,"lj":2,"ml":1,"o":{"a":0,"k":100,"ix":4},"w":{"a":0,"k":3,"ix":5},"c":{"a":0,"k":[1,1,1],"ix":3}},{"ty":"tr","a":{"a":0,"k":[0,0],"ix":1},"s":{"a":0,"k":[100,100],"ix":3},"sk":{"a":0,"k":0,"ix":4},"p":{"a":0,"k":[43.25,46.915],"ix":2},"r":{"a":0,"k":0,"ix":6},"sa":{"a":0,"k":0,"ix":5},"o":{"a":0,"k":100,"ix":7}}]},{"ty":"gr","bm":0,"hd":false,"mn":"ADBE Vector Group","nm":"Group 2","ix":3,"cix":2,"np":3,"it":[{"ty":"sh","bm":0,"hd":false,"mn":"ADBE Vector Shape - Group","nm":"Path 1","ix":1,"d":1,"ks":{"a":1,"k":[{"o":{"x":0.333,"y":0},"i":{"x":0.667,"y":1},"s":[{"c":true,"i":[[12.011,-6.11],[3.681,0],[4.6,5.08],[0,0],[0,0],[0,0],[-0.45,-1.14]],"o":[[-3.5,1.79],[-6.71,0],[-1.36,-1.489],[0,0],[0,0],[0.63,1.09],[4.84,12.141]],"v":[[21.17,39.285],[10.25,41.915],[-7.59,34.024],[-38.25,-23.085],[5.66,-41.915],[31.79,3.514],[33.41,6.864]]}],"t":0},{"o":{"x":0.333,"y":0},"i":{"x":0.667,"y":1},"s":[{"c":true,"i":[[12.011,-6.11],[3.608,0.731],[4.6,5.08],[0,0],[0,0],[0,0],[-0.45,-1.14]],"o":[[-3.5,1.79],[-12.787,-2.593],[-1.36,-1.489],[0,0],[0,0],[0.63,1.09],[4.84,12.141]],"v":[[25.92,28.035],[12.125,29.915],[-4.215,20.149],[-27.25,-35.835],[9.91,-59.665],[34.415,-4.861],[36.035,-1.511]]}],"t":48},{"s":[{"c":true,"i":[[12.011,-6.11],[3.681,0],[4.6,5.08],[0,0],[0,0],[0,0],[-0.45,-1.14]],"o":[[-3.5,1.79],[-6.71,0],[-1.36,-1.489],[0,0],[0,0],[0.63,1.09],[4.84,12.141]],"v":[[21.17,39.285],[10.25,41.915],[-7.59,34.024],[-38.25,-23.085],[5.66,-41.915],[31.79,3.514],[33.41,6.864]]}],"t":96}],"ix":2}},{"ty":"st","bm":0,"hd":false,"mn":"ADBE Vector Graphic - Stroke","nm":"Stroke 1","lc":2,"lj":2,"ml":1,"o":{"a":0,"k":100,"ix":4},"w":{"a":0,"k":0,"ix":5},"c":{"a":0,"k":[1,1,1],"ix":3}},{"ty":"fl","bm":0,"hd":false,"mn":"ADBE Vector Graphic - Fill","nm":"Fill 1","c":{"a":0,"k":[0,0,0],"ix":4},"r":1,"o":{"a":0,"k":100,"ix":5}},{"ty":"tr","a":{"a":0,"k":[0,0],"ix":1},"s":{"a":0,"k":[100,100],"ix":3},"sk":{"a":0,"k":0,"ix":4},"p":{"a":0,"k":[43.25,46.915],"ix":2},"r":{"a":0,"k":0,"ix":6},"sa":{"a":0,"k":0,"ix":5},"o":{"a":0,"k":100,"ix":7}}]}],"ind":7,"parent":3},{"ty":4,"nm":"Layer 10 Outlines","sr":1,"st":0,"op":722,"ip":0,"hd":false,"ddd":0,"bm":0,"hasMask":false,"ao":0,"ks":{"a":{"a":0,"k":[104.918,36.732,0],"ix":1},"s":{"a":0,"k":[100,100,100],"ix":6},"sk":{"a":0,"k":0},"p":{"a":0,"k":[72.089,78.651,0],"ix":2},"r":{"a":1,"k":[{"o":{"x":0.52,"y":0},"i":{"x":0.428,"y":1},"s":[0],"t":-40},{"o":{"x":0.52,"y":0},"i":{"x":0.428,"y":1},"s":[17],"t":8},{"o":{"x":0.52,"y":0},"i":{"x":0.428,"y":1},"s":[0],"t":56},{"o":{"x":0.52,"y":0},"i":{"x":0.428,"y":1},"s":[17],"t":104},{"s":[0],"t":152}],"ix":10},"sa":{"a":0,"k":0},"o":{"a":0,"k":100,"ix":11}},"ef":[],"shapes":[{"ty":"gr","bm":0,"hd":false,"mn":"ADBE Vector Group","nm":"Group 3","ix":1,"cix":2,"np":4,"it":[{"ty":"sh","bm":0,"hd":false,"mn":"ADBE Vector Shape - Group","nm":"Path 1","ix":1,"d":1,"ks":{"a":1,"k":[{"o":{"x":0.333,"y":0},"i":{"x":0.667,"y":1},"s":[{"c":true,"i":[[0,0],[0,0],[0.102,-6.702],[0,0],[-11.093,6.844],[0,0]],"o":[[0,0],[-6.181,3.798],[-0.063,4.144],[7.52,10.647],[0,0],[0,0]],"v":[[7.66,-37.363],[-34.596,-8.599],[-44.284,8.437],[-38.228,23.754],[-5.112,30.519],[44.347,-1.13]]}],"t":0},{"o":{"x":0.333,"y":0},"i":{"x":0.667,"y":1},"s":[{"c":true,"i":[[0,0],[0,0],[1.252,-6.585],[-4.044,-4.76],[-11.093,6.844],[0,0]],"o":[[0,0],[-6.181,3.798],[-1.12,5.894],[7.074,8.327],[0,0],[0,0]],"v":[[11.91,-44.113],[-6.096,-30.849],[-19.784,-12.063],[-14.228,6.254],[20.388,7.269],[47.347,-12.63]]}],"t":48},{"s":[{"c":true,"i":[[0,0],[0,0],[0.102,-6.702],[0,0],[-11.093,6.844],[0,0]],"o":[[0,0],[-6.181,3.798],[-0.063,4.144],[7.52,10.647],[0,0],[0,0]],"v":[[7.66,-37.363],[-34.596,-8.599],[-44.284,8.437],[-38.228,23.754],[-5.112,30.519],[44.347,-1.13]]}],"t":96}],"ix":2}},{"ty":"tm","bm":0,"hd":false,"mn":"ADBE Vector Filter - Trim","nm":"Trim Paths 1","ix":2,"e":{"a":0,"k":82,"ix":2},"o":{"a":0,"k":-205,"ix":3},"s":{"a":0,"k":0,"ix":1},"m":1},{"ty":"st","bm":0,"hd":false,"mn":"ADBE Vector Graphic - Stroke","nm":"Stroke 1","lc":2,"lj":2,"ml":1,"o":{"a":0,"k":100,"ix":4},"w":{"a":0,"k":3,"ix":5},"c":{"a":0,"k":[1,1,1],"ix":3}},{"ty":"tr","a":{"a":0,"k":[0,0],"ix":1},"s":{"a":0,"k":[100,100],"ix":3},"sk":{"a":0,"k":0,"ix":4},"p":{"a":0,"k":[57.571,42.363],"ix":2},"r":{"a":0,"k":0,"ix":6},"sa":{"a":0,"k":0,"ix":5},"o":{"a":0,"k":100,"ix":7}}]},{"ty":"gr","bm":0,"hd":false,"mn":"ADBE Vector Group","nm":"Group 1","ix":2,"cix":2,"np":3,"it":[{"ty":"sh","bm":0,"hd":false,"mn":"ADBE Vector Shape - Group","nm":"Path 1","ix":1,"d":1,"ks":{"a":1,"k":[{"o":{"x":0.333,"y":0},"i":{"x":0.667,"y":1},"s":[{"c":true,"i":[[0,0],[0,0],[0.102,-6.702],[0,0],[-11.093,6.844],[0,0]],"o":[[0,0],[-6.181,3.798],[-0.063,4.144],[7.52,10.647],[0,0],[0,0]],"v":[[7.66,-37.363],[-34.596,-8.599],[-44.284,8.437],[-38.228,23.754],[-5.112,30.519],[44.347,-1.13]]}],"t":0},{"o":{"x":0.333,"y":0},"i":{"x":0.667,"y":1},"s":[{"c":true,"i":[[0,0],[0,0],[1.252,-6.585],[-4.044,-4.76],[-11.093,6.844],[0,0]],"o":[[0,0],[-6.181,3.798],[-1.12,5.894],[7.074,8.327],[0,0],[0,0]],"v":[[11.91,-44.113],[-6.096,-30.849],[-19.784,-12.063],[-14.228,6.254],[20.388,7.269],[47.347,-12.63]]}],"t":48},{"s":[{"c":true,"i":[[0,0],[0,0],[0.102,-6.702],[0,0],[-11.093,6.844],[0,0]],"o":[[0,0],[-6.181,3.798],[-0.063,4.144],[7.52,10.647],[0,0],[0,0]],"v":[[7.66,-37.363],[-34.596,-8.599],[-44.284,8.437],[-38.228,23.754],[-5.112,30.519],[44.347,-1.13]]}],"t":96}],"ix":2}},{"ty":"fl","bm":0,"hd":false,"mn":"ADBE Vector Graphic - Fill","nm":"Fill 1","c":{"a":0,"k":[0,0,0],"ix":4},"r":1,"o":{"a":0,"k":100,"ix":5}},{"ty":"tr","a":{"a":0,"k":[0,0],"ix":1},"s":{"a":0,"k":[100,100],"ix":3},"sk":{"a":0,"k":0,"ix":4},"p":{"a":0,"k":[57.571,42.363],"ix":2},"r":{"a":0,"k":0,"ix":6},"sa":{"a":0,"k":0,"ix":5},"o":{"a":0,"k":100,"ix":7}}]},{"ty":"gr","bm":0,"hd":false,"mn":"ADBE Vector Group","nm":"Group 2","ix":3,"cix":2,"np":3,"it":[{"ty":"sh","bm":0,"hd":false,"mn":"ADBE Vector Shape - Group","nm":"Path 1","ix":1,"d":1,"ks":{"a":1,"k":[{"o":{"x":0.333,"y":0},"i":{"x":0.667,"y":1},"s":[{"c":true,"i":[[-25.396,-26.562],[17.664,-12.5],[13.638,16.269],[-3.819,12.676]],"o":[[9.732,10.179],[-7.989,5.653],[-10.654,-12.709],[3.897,-12.936]],"v":[[14.286,-17.754],[18.952,38.663],[-15.548,20.163],[-32.798,-30.087]]}],"t":0},{"o":{"x":0.333,"y":0},"i":{"x":0.667,"y":1},"s":[{"c":true,"i":[[-25.396,-26.562],[21.098,-9.897],[11.098,15.853],[-3.819,12.676]],"o":[[9.732,10.179],[-9.037,4.239],[-9.511,-13.586],[3.897,-12.936]],"v":[[36.786,-45.504],[35.452,18.663],[4.202,-1.587],[-8.298,-52.087]]}],"t":48},{"s":[{"c":true,"i":[[-25.396,-26.562],[17.664,-12.5],[13.638,16.269],[-3.819,12.676]],"o":[[9.732,10.179],[-7.989,5.653],[-10.654,-12.709],[3.897,-12.936]],"v":[[14.286,-17.754],[18.952,38.663],[-15.548,20.163],[-32.798,-30.087]]}],"t":96}],"ix":2}},{"ty":"st","bm":0,"hd":false,"mn":"ADBE Vector Graphic - Stroke","nm":"Stroke 1","lc":2,"lj":2,"ml":1,"o":{"a":0,"k":100,"ix":4},"w":{"a":0,"k":3,"ix":5},"c":{"a":0,"k":[1,1,1],"ix":3}},{"ty":"fl","bm":0,"hd":false,"mn":"ADBE Vector Graphic - Fill","nm":"Fill 1","c":{"a":0,"k":[0,0,0],"ix":4},"r":1,"o":{"a":0,"k":100,"ix":5}},{"ty":"tr","a":{"a":0,"k":[0,0],"ix":1},"s":{"a":0,"k":[100,100],"ix":3},"sk":{"a":0,"k":0,"ix":4},"p":{"a":0,"k":[41.616,75.178],"ix":2},"r":{"a":0,"k":0,"ix":6},"sa":{"a":0,"k":0,"ix":5},"o":{"a":0,"k":100,"ix":7}}]}],"ind":8,"parent":7},{"ty":4,"nm":"Layer 2 Outlines","sr":1,"st":0,"op":722,"ip":0,"hd":false,"ddd":0,"bm":0,"hasMask":false,"ao":0,"ks":{"a":{"a":0,"k":[90.5,138.057,0],"ix":1},"s":{"a":0,"k":[100,100,100],"ix":6},"sk":{"a":0,"k":0},"p":{"a":0,"k":[9.821,22.373,0],"ix":2},"r":{"a":0,"k":0,"ix":10},"sa":{"a":0,"k":0},"o":{"a":0,"k":100,"ix":11}},"ef":[],"shapes":[{"ty":"gr","bm":0,"hd":false,"mn":"ADBE Vector Group","nm":"Group 1","ix":1,"cix":2,"np":3,"it":[{"ty":"sh","bm":0,"hd":false,"mn":"ADBE Vector Shape - Group","nm":"Path 1","ix":1,"d":1,"ks":{"a":1,"k":[{"o":{"x":0.333,"y":0},"i":{"x":0.667,"y":1},"s":[{"c":false,"i":[[0,0],[0,0],[-12.543,7.161],[0,0]],"o":[[0,0],[0.728,-14.424],[0,0],[0,0]],"v":[[-50.167,106.747],[-47.335,-28.596],[-26.036,-63.241],[50.167,-106.747]]}],"t":0},{"o":{"x":0.333,"y":0},"i":{"x":0.667,"y":1},"s":[{"c":false,"i":[[0,0],[0,0],[-12.543,7.161],[0,0]],"o":[[0,0],[0.728,-14.424],[0,0],[0,0]],"v":[[-36.167,68.747],[-33.835,-49.097],[-12.536,-83.741],[82.167,-107.247]]}],"t":48},{"s":[{"c":false,"i":[[0,0],[0,0],[-12.543,7.161],[0,0]],"o":[[0,0],[0.728,-14.424],[0,0],[0,0]],"v":[[-50.167,106.747],[-47.335,-28.596],[-26.036,-63.241],[50.167,-106.747]]}],"t":96}],"ix":2}},{"ty":"st","bm":0,"hd":false,"mn":"ADBE Vector Graphic - Stroke","nm":"Stroke 1","lc":2,"lj":2,"ml":1,"o":{"a":0,"k":100,"ix":4},"w":{"a":0,"k":3,"ix":5},"c":{"a":0,"k":[1,1,1],"ix":3}},{"ty":"fl","bm":0,"hd":false,"mn":"ADBE Vector Graphic - Fill","nm":"Fill 1","c":{"a":0,"k":[0,0,0],"ix":4},"r":1,"o":{"a":0,"k":100,"ix":5}},{"ty":"tr","a":{"a":0,"k":[0,0],"ix":1},"s":{"a":0,"k":[100,100],"ix":3},"sk":{"a":0,"k":0,"ix":4},"p":{"a":0,"k":[98.833,136.354],"ix":2},"r":{"a":0,"k":0,"ix":6},"sa":{"a":0,"k":0,"ix":5},"o":{"a":0,"k":100,"ix":7}}]},{"ty":"gr","bm":0,"hd":false,"mn":"ADBE Vector Group","nm":"Group 2","ix":2,"cix":2,"np":3,"it":[{"ty":"sh","bm":0,"hd":false,"mn":"ADBE Vector Shape - Group","nm":"Path 1","ix":1,"d":1,"ks":{"a":1,"k":[{"o":{"x":0.333,"y":0},"i":{"x":0.667,"y":1},"s":[{"c":true,"i":[[-7.283,-4.229],[0,0],[0,-17.961],[0,0],[9.674,-7.063],[0,0],[8.183,5.291],[0,0],[0,11.853],[0,0],[-19.669,11.634],[0,0]],"o":[[0,0],[15.532,9.02],[0,0],[0,11.977],[0,0],[-7.87,5.746],[0,0],[-9.954,-6.435],[0,0],[0,-22.852],[0,0],[7.248,-4.288]],"v":[[32.762,-128.827],[60.41,-112.771],[85.5,-69.186],[85.5,34.992],[70.108,65.288],[-14.434,127.01],[-41.085,127.765],[-69.535,109.372],[-85.5,80.038],[-85.5,-35.83],[-53.765,-91.471],[9.231,-128.733]]}],"t":0},{"o":{"x":0.333,"y":0},"i":{"x":0.667,"y":1},"s":[{"c":true,"i":[[-5.289,-6.87],[-5.062,-7.076],[0,-17.961],[0,0],[9.674,-7.063],[0,0],[8.183,5.291],[8.231,8.541],[0,11.853],[0,0],[-15.591,4.305],[0,0]],"o":[[6.336,8.23],[13.482,18.848],[0,0],[0,11.977],[0,0],[-7.87,5.746],[0,0],[-9.367,-9.719],[0,0],[0,-22.852],[34.863,-9.626],[7.248,-4.288]],"v":[[90.012,-125.827],[102.66,-108.021],[117,-61.686],[99,14.492],[83.608,44.788],[13.066,99.01],[-12.585,99.265],[-38.535,70.872],[-52,33.038],[-51.25,-69.33],[-22.515,-111.221],[65.231,-133.733]]}],"t":48},{"s":[{"c":true,"i":[[-7.283,-4.229],[0,0],[0,-17.961],[0,0],[9.674,-7.063],[0,0],[8.183,5.291],[0,0],[0,11.853],[0,0],[-19.669,11.634],[0,0]],"o":[[0,0],[15.532,9.02],[0,0],[0,11.977],[0,0],[-7.87,5.746],[0,0],[-9.954,-6.435],[0,0],[0,-22.852],[0,0],[7.248,-4.288]],"v":[[32.762,-128.827],[60.41,-112.771],[85.5,-69.186],[85.5,34.992],[70.108,65.288],[-14.434,127.01],[-41.085,127.765],[-69.535,109.372],[-85.5,80.038],[-85.5,-35.83],[-53.765,-91.471],[9.231,-128.733]]}],"t":96}],"ix":2}},{"ty":"st","bm":0,"hd":false,"mn":"ADBE Vector Graphic - Stroke","nm":"Stroke 1","lc":2,"lj":2,"ml":1,"o":{"a":0,"k":100,"ix":4},"w":{"a":0,"k":3,"ix":5},"c":{"a":0,"k":[1,1,1],"ix":3}},{"ty":"fl","bm":0,"hd":false,"mn":"ADBE Vector Graphic - Fill","nm":"Fill 1","c":{"a":0,"k":[0,0,0],"ix":4},"r":1,"o":{"a":0,"k":100,"ix":5}},{"ty":"tr","a":{"a":0,"k":[0,0],"ix":1},"s":{"a":0,"k":[100,100],"ix":3},"sk":{"a":0,"k":0,"ix":4},"p":{"a":0,"k":[90.5,138.056],"ix":2},"r":{"a":0,"k":0,"ix":6},"sa":{"a":0,"k":0,"ix":5},"o":{"a":0,"k":100,"ix":7}}]}],"ind":9,"parent":3}],"v":"5.10.2","fr":24,"op":97,"ip":0,"assets":[]}